node, assignment, time2inf_trt, time2inf_con,
0,na,0,0
1,na,0,0
2,na,149.0418564363928,121.3259739990329
3,na,149.0418564363928,121.3259739990329
4,na,124.60794325605748,121.3259739990329
5,na,66.06728404160627,121.3259739990329
6,na,149.0418564363928,121.3259739990329
7,na,53.60401335978279,52.23291473523158
8,na,28.998717258925403,38.67799053054648
9,na,149.0418564363928,121.3259739990329
10,na,31.69555792202659,6.16521662506465
11,na,149.0418564363928,77.59418531669395
12,na,64.09702974043417,121.3259739990329
13,na,59.285344832043464,40.37925847639033
14,na,149.0418564363928,121.3259739990329
15,na,149.0418564363928,121.3259739990329
16,na,21.13141018644019,12.087304326970314
17,na,39.730912907592234,121.3259739990329
18,na,37.70433409750345,24.616379907630364
19,na,71.20420303105918,56.63714744583093
20,na,149.0418564363928,82.93220659756426
21,na,47.88037285178823,33.9644360672648
22,na,23.972399357882708,43.87399575886115
23,na,149.0418564363928,121.3259739990329
24,na,37.13008319760251,60.09550829895009
25,na,40.275943237423746,26.320773292679423
26,na,29.184450183089844,39.90929518949839
27,na,34.812702931794306,42.460452744317095
28,na,149.0418564363928,27.346201806372825
29,na,37.815924986093016,121.3259739990329
30,na,149.0418564363928,121.3259739990329
31,na,149.0418564363928,121.3259739990329
32,na,33.29548814998257,26.206161875957203
33,na,58.18525631651555,41.48731437066405
34,na,46.541886729376905,121.3259739990329
35,na,149.0418564363928,121.3259739990329
36,na,41.760917221007226,121.3259739990329
37,na,149.0418564363928,121.3259739990329
38,na,149.0418564363928,121.3259739990329
39,na,20.93264942295637,121.3259739990329
40,na,0.4050797644315028,2.0540359459509228
41,na,149.0418564363928,121.3259739990329
42,na,44.032769765306085,58.04107193570753
43,na,23.84939935646975,55.522804472794704
44,na,149.0418564363928,121.3259739990329
45,na,43.56802161762264,38.69622410571701
46,na,7.271709216861198,19.033744430308587
47,na,43.63907222958515,85.69463870460523
48,na,20.903277523335916,43.03241549857416
49,na,149.0418564363928,121.3259739990329
50,na,149.0418564363928,24.381997287634725
51,na,38.74631329181936,27.325515318884378
52,na,149.0418564363928,121.3259739990329
53,na,149.0418564363928,121.3259739990329
54,na,55.168496163907655,38.056498194713974
55,na,40.01241437766688,16.505233147982565
56,na,25.193744089713515,19.12628416635262
57,na,149.0418564363928,13.542501335944573
58,na,59.934639490728046,121.3259739990329
59,na,20.679678325266305,29.87359131986013
60,na,22.17150638110866,35.64628593663575
61,na,149.0418564363928,35.959407528992244
62,na,149.0418564363928,65.31484577314185
63,na,23.955598699998628,21.430779616824882
64,na,4.840256240524748,121.3259739990329
65,na,149.0418564363928,121.3259739990329
66,na,12.274264754486216,44.547503807559465
67,na,50.608263492663795,68.31676035137463
68,na,17.32149943566713,121.3259739990329
69,na,149.0418564363928,121.3259739990329
70,na,25.498009869469925,6.410241461103847
71,na,69.47786114402408,22.70244445665022
72,na,149.0418564363928,121.3259739990329
73,na,29.812780603689827,2.558731001109084
74,na,21.016864403806906,48.91520361921022
75,na,149.0418564363928,68.84912980573375
76,na,64.66420579958937,121.3259739990329
77,na,149.0418564363928,42.55268251611021
78,na,149.0418564363928,24.204672351742158
79,na,42.00632041771221,121.3259739990329
80,na,149.0418564363928,26.897903645951423
81,na,82.90097545669116,121.3259739990329
82,na,20.042031458027328,121.3259739990329
83,na,39.280393946388166,121.3259739990329
84,na,51.57244835463318,18.60790540261249
85,na,52.190263720956445,121.3259739990329
86,na,1.231106974366037,1.6293496492173165
87,na,149.0418564363928,121.3259739990329
88,na,75.83342466468157,30.000787488577707
89,na,149.0418564363928,121.3259739990329
90,na,149.0418564363928,121.3259739990329
91,na,26.61228817713945,25.052593474467024
92,na,149.0418564363928,121.3259739990329
93,na,0,0
94,na,26.41807748190865,121.3259739990329
95,na,149.0418564363928,121.3259739990329
96,na,41.822112632154486,47.02972341298539
97,na,16.060817470854865,35.59486136882443
98,na,82.49686407717444,47.11976847792878
99,na,149.0418564363928,121.3259739990329
100,na,56.41235104386656,32.338016300633164
101,na,149.0418564363928,121.3259739990329
102,na,4.351653414202239,121.3259739990329
103,na,40.687646333266706,40.880396234786204
104,na,149.0418564363928,50.28046480675899
105,na,149.0418564363928,7.767245969720125
106,na,86.84845214100912,121.3259739990329
107,na,149.0418564363928,121.3259739990329
108,na,47.95896185797462,20.50255778852965
109,na,36.34516373828047,61.57504229994262
110,na,45.987864653932895,15.55804359023993
111,na,39.28212404589029,34.44941867358863
112,na,4.817131843108916,11.066108056323284
113,na,149.0418564363928,51.25684723008862
114,na,55.145249770566615,69.55505059409438
115,na,149.0418564363928,121.3259739990329
116,na,51.731207883888764,45.57774694618508
117,na,52.11226596979263,89.42996239829912
118,na,49.81859978932844,14.727164179208765
119,na,42.80774383248983,26.473096073060233
120,na,61.590317788188315,121.3259739990329
121,na,149.0418564363928,121.3259739990329
122,na,31.067531044753174,62.423593538435746
123,na,17.66581442984748,82.4138732474905
124,na,82.9904119269849,19.883425948798177
125,na,9.756173173857444,38.656428760413995
126,na,149.0418564363928,16.88487312508675
127,na,149.0418564363928,121.3259739990329
128,na,44.39914173948772,121.3259739990329
129,na,149.0418564363928,121.3259739990329
130,na,34.80881370367529,121.3259739990329
131,na,94.10598238574624,121.3259739990329
132,na,149.0418564363928,121.3259739990329
133,na,33.002431061070574,121.3259739990329
134,na,149.0418564363928,121.3259739990329
135,na,149.0418564363928,121.3259739990329
136,na,75.21664276941776,31.03999293090408
137,na,25.515763162473846,121.3259739990329
138,na,53.93005283557481,121.3259739990329
139,na,38.79224349243936,41.417021323521396
140,na,54.9869428840663,30.8956681158012
141,na,65.1643055112531,121.3259739990329
142,na,149.0418564363928,121.3259739990329
143,na,32.743971935319856,26.471760946126885
144,na,149.0418564363928,42.65908276770794
145,na,18.575868846327115,62.5477331420242
146,na,91.08740654878707,50.50124081467825
147,na,15.299419093758274,16.78458733701382
148,na,35.049030767602666,121.3259739990329
149,na,61.37507036706117,14.961279273369115
150,na,48.55951434565315,44.68759252822219
151,na,66.84615310231437,75.2946450630457
152,na,149.0418564363928,45.59160954667764
153,na,46.56321460471031,121.3259739990329
154,na,149.0418564363928,121.3259739990329
155,na,89.11910892871018,31.63713034663462
156,na,102.97594982671801,121.3259739990329
157,na,149.0418564363928,121.3259739990329
158,na,149.0418564363928,121.3259739990329
159,na,149.0418564363928,37.39470571799346
160,na,149.0418564363928,121.3259739990329
161,na,12.687711233011935,18.082667676984695
162,na,1.849987996917384,121.3259739990329
163,na,30.95905329839572,121.3259739990329
164,na,38.90164069484584,121.3259739990329
165,na,25.15445424777435,42.48151206427772
166,na,149.0418564363928,121.3259739990329
167,na,37.897050666870925,121.3259739990329
168,na,149.0418564363928,121.3259739990329
169,na,35.8312901412536,121.3259739990329
170,na,55.468053371827665,32.14200070074657
171,na,149.0418564363928,121.3259739990329
172,na,77.53972745647665,64.49256746811251
173,na,48.30361490652084,80.99263808162333
174,na,98.6919630440042,121.3259739990329
175,na,6.433813741076091,21.24990873235226
176,na,7.364255293128757,121.3259739990329
177,na,149.0418564363928,121.3259739990329
178,na,84.3237722952449,35.83815582551342
179,na,38.73855347262964,45.55873209131925
180,na,26.519458036409507,59.17327785017184
181,na,55.86542866877472,121.3259739990329
182,na,61.81943459013853,25.35971385093193
183,na,149.0418564363928,121.3259739990329
184,na,149.0418564363928,46.02927648921629
185,na,149.0418564363928,121.3259739990329
186,na,13.114890577785049,44.88674821941737
187,na,31.370187575365012,28.5615444753023
188,na,149.0418564363928,121.3259739990329
189,na,43.130214859610774,39.35627470879065
190,na,149.0418564363928,121.3259739990329
191,na,72.65898950223797,40.105064044788094
192,na,149.0418564363928,121.3259739990329
193,na,149.0418564363928,121.3259739990329
194,na,149.0418564363928,91.75299901320882
195,na,149.0418564363928,121.3259739990329
196,na,149.0418564363928,121.3259739990329
197,na,18.80642445958122,121.3259739990329
198,na,40.74730095301003,32.532624704717406
199,na,149.0418564363928,121.3259739990329
200,na,48.67860400975817,121.3259739990329
201,na,8.596419562358362,121.3259739990329
202,na,16.024387456407766,6.935876960160869
203,na,45.261953142055226,121.3259739990329
204,na,45.62082772622137,121.3259739990329
205,na,149.0418564363928,121.3259739990329
206,na,149.0418564363928,121.3259739990329
207,na,64.37602314483155,121.3259739990329
208,na,25.005002437447494,35.37334194241061
209,na,63.72381497721116,121.3259739990329
210,na,61.192702264845714,121.3259739990329
211,na,41.671668122055706,24.51913608304747
212,na,38.732726374177176,71.05417028812742
213,na,149.0418564363928,121.3259739990329
214,na,149.0418564363928,121.3259739990329
215,na,81.66080307503897,121.3259739990329
216,na,25.77062504056256,18.518374870897688
217,na,69.55503388369605,121.3259739990329
218,na,15.247574896207194,121.3259739990329
219,na,28.687187468922197,21.6175890047543
220,na,149.0418564363928,21.357894749689365
221,na,38.187823093391756,121.3259739990329
222,na,149.0418564363928,25.0830744048499
223,na,32.58734047025373,25.293002720706077
224,na,32.23974982063244,21.504296504912052
225,na,28.343314000454434,10.230013079559361
226,na,7.489982307955446,24.367902166234146
227,na,45.096174560465336,7.987128098423495
228,na,149.0418564363928,24.534859951401735
229,na,149.0418564363928,121.3259739990329
230,na,149.0418564363928,121.3259739990329
231,na,38.98803311449981,121.3259739990329
232,na,70.0594623973243,54.27099185861998
233,na,149.0418564363928,38.92648487599994
234,na,149.0418564363928,121.3259739990329
235,na,34.757946951049924,37.580315803794235
236,na,14.289591658585366,72.21467048381419
237,na,149.0418564363928,46.70974466918419
238,na,58.82830941672653,47.51312040628082
239,na,24.87534189283815,40.03491981416352
240,na,62.66158274621679,70.74142040490233
241,na,36.05582070908709,41.341234469681496
242,na,31.31520897768929,13.149520113710707
243,na,149.0418564363928,121.3259739990329
244,na,35.031413416416555,121.3259739990329
245,na,149.0418564363928,37.09776485714956
246,na,60.36518008528408,53.28107697168842
247,na,43.34722748235867,40.66445547277205
248,na,53.69525443954933,121.3259739990329
249,na,74.16032370887258,121.3259739990329
250,na,24.71749561543401,13.063357735461645
251,na,149.0418564363928,76.170447536736
252,na,28.020728379356534,9.933351374767817
253,na,42.39118632824116,121.3259739990329
254,na,66.55128716045618,47.40202040978708
255,na,149.0418564363928,121.3259739990329
256,na,149.0418564363928,121.3259739990329
257,na,70.10971355929213,30.147890250001318
258,na,149.0418564363928,121.3259739990329
259,na,16.9709470148609,121.3259739990329
260,na,149.0418564363928,121.3259739990329
261,na,149.0418564363928,121.3259739990329
262,na,16.470467452597187,10.68578298352885
263,na,20.06668975080224,20.160636160043484
264,na,149.0418564363928,39.69470852003322
265,na,149.0418564363928,121.3259739990329
266,na,149.0418564363928,30.13939871174463
267,na,13.208395343874994,66.25641454685648
268,na,149.0418564363928,37.175040768376014
269,na,149.0418564363928,121.3259739990329
270,na,51.34168576121103,29.965634919296782
271,na,149.0418564363928,121.3259739990329
272,na,149.0418564363928,121.3259739990329
273,na,149.0418564363928,121.3259739990329
274,na,37.5651931316556,121.3259739990329
275,na,149.0418564363928,28.34841007502223
276,na,149.0418564363928,39.034956498434966
277,na,149.0418564363928,121.3259739990329
278,na,56.8406905624396,68.36496287924345
279,na,149.0418564363928,121.3259739990329
280,na,149.0418564363928,121.3259739990329
281,na,35.372675903389435,28.261826366139076
282,na,21.7415562972524,47.87463637165922
283,na,149.0418564363928,30.28203420511318
284,na,149.0418564363928,80.59436665071337
285,na,149.0418564363928,121.3259739990329
286,na,20.650466223408223,21.191735292420596
287,na,45.679937025260635,33.31559866034716
288,na,36.37604471575316,37.26699093984138
289,na,43.95017671866252,121.3259739990329
290,na,31.127337943732446,12.172674975122476
291,na,15.300645846037273,33.674564047293046
292,na,149.0418564363928,121.3259739990329
293,na,56.23662071785132,121.3259739990329
294,na,38.73407885917422,18.122445563270983
295,na,50.620416400905384,121.3259739990329
296,na,66.94769767959714,48.20323439110377
297,na,31.29241863722012,6.1871752173040155
298,na,0.6848015162622519,1.4404877938609322
299,na,41.52584193413162,44.23969066824868
300,na,149.0418564363928,121.3259739990329
301,na,149.0418564363928,37.14007915943238
302,na,36.53673513428095,37.6275967428659
303,na,35.30771667093371,44.732970424944845
304,na,149.0418564363928,121.3259739990329
305,na,16.649605528471138,64.15704669532437
306,na,47.11084469877017,121.3259739990329
307,na,149.0418564363928,121.3259739990329
308,na,34.93402407354908,71.12854403556258
309,na,149.0418564363928,121.3259739990329
310,na,149.0418564363928,22.083446482063845
311,na,47.7031594733737,47.28563564936339
312,na,49.19902939412546,121.3259739990329
313,na,36.48432651915713,20.17449486772542
314,na,149.0418564363928,67.84131798407998
315,na,43.089594791801694,34.76970443877702
316,na,43.099195620129315,36.208922179760876
317,na,149.0418564363928,121.3259739990329
318,na,98.98702771619023,36.44016108348442
319,na,34.11708708438253,47.83433126779042
320,na,21.755164386126733,28.46844002169979
321,na,149.0418564363928,121.3259739990329
322,na,30.669476007282448,48.24264306846717
323,na,41.139094723853724,121.3259739990329
324,na,26.157972657089516,121.3259739990329
325,na,40.21106037635921,25.58221218956379
326,na,37.813974177281764,121.3259739990329
327,na,23.662912429809168,30.849164570174725
328,na,27.106663931860712,48.23555217246992
329,na,66.02713849909476,8.990329260728453
330,na,49.96361764064501,121.3259739990329
331,na,149.0418564363928,34.75870314156484
332,na,48.89060038801275,75.43243442214687
333,na,59.63011479802431,42.088067021197936
334,na,149.0418564363928,18.966918738902457
335,na,149.0418564363928,1.5778992143395905
336,na,2.037414548760251,4.597111608942434
337,na,23.108091454123358,44.906528114710625
338,na,149.0418564363928,121.3259739990329
339,na,52.658902287306326,38.18368396443536
340,na,149.0418564363928,121.3259739990329
341,na,48.80059099832367,39.12750277393058
342,na,149.0418564363928,45.72708436234386
343,na,62.43350397912624,42.00170231083537
344,na,32.75351165097969,59.99607209999198
345,na,48.780584180900924,25.619851520375516
346,na,30.49250635922998,26.90153298211416
347,na,149.0418564363928,58.92368700788836
348,na,43.28481282548235,121.3259739990329
349,na,149.0418564363928,121.3259739990329
350,na,28.367204217015697,43.67108497407028
351,na,70.39194008210825,121.3259739990329
352,na,70.21536863998428,31.36649211702484
353,na,149.0418564363928,39.079460021258804
354,na,38.726095156398095,24.96062965053623
355,na,71.05755266380498,18.22123961275735
356,na,46.32484182839936,45.76616031949885
357,na,108.20740046409222,71.24759093052441
358,na,89.83284307455519,121.3259739990329
359,na,89.92920981712787,63.04253327685526
360,na,149.0418564363928,121.3259739990329
361,na,33.4746798235126,29.16476645332148
362,na,23.775833408911307,49.13362753779909
363,na,149.0418564363928,14.24253865245636
364,na,30.03542553893238,17.716639395776188
365,na,37.80572822680433,121.3259739990329
366,na,74.13203800197579,17.636014343178502
367,na,50.582216140278945,121.3259739990329
368,na,37.67965368593916,7.572049098412462
369,na,149.0418564363928,121.3259739990329
370,na,54.900175770359624,48.06027830190572
371,na,16.206803349328624,121.3259739990329
372,na,7.86604652884337,38.85799909685928
373,na,50.37276165829412,26.667063297999817
374,na,34.287251778744924,14.825660449257596
375,na,45.403715596267745,27.722801189478705
376,na,40.51152149269001,47.253510994744246
377,na,46.45773762947131,25.526606579947238
378,na,59.403219631755434,19.789391498243347
379,na,149.0418564363928,121.3259739990329
380,na,1.8494347645158398,0.2932463424811513
381,na,49.36776015152449,121.3259739990329
382,na,149.0418564363928,21.152837695910513
383,na,62.41841628618746,121.3259739990329
384,na,149.0418564363928,38.94579796620372
385,na,149.0418564363928,121.3259739990329
386,na,20.75785040035635,121.3259739990329
387,na,36.315338417258786,43.97981287873984
388,na,149.0418564363928,121.3259739990329
389,na,43.36524977676844,121.3259739990329
390,na,81.48840128457638,29.72076988650853
391,na,34.64615929090249,26.73626542601316
392,na,149.0418564363928,121.3259739990329
393,na,149.0418564363928,121.3259739990329
394,na,30.299499903976358,121.3259739990329
395,na,11.595825716074456,39.64132529940029
396,na,149.0418564363928,121.3259739990329
397,na,42.51462429744264,121.3259739990329
398,na,31.8826293195198,27.951783701129628
399,na,149.0418564363928,121.3259739990329
400,na,42.09552137644378,41.18475379921324
401,na,35.450822654606746,38.73914950089389
402,na,22.817139575456217,6.508443619369554
403,na,31.444997225472854,19.7385979950925
404,na,37.111377890387345,52.272658053940354
405,na,149.0418564363928,121.3259739990329
406,na,24.044958709406632,4.152857574343069
407,na,149.0418564363928,121.3259739990329
408,na,40.702987330683214,14.911585781046746
409,na,149.0418564363928,121.3259739990329
410,na,59.01455703525465,37.58905623913688
411,na,18.865953037910433,12.138482584824068
412,na,50.103442290420595,54.48921066531658
413,na,38.724184603541154,24.68310697220324
414,na,149.0418564363928,121.3259739990329
415,na,46.53656414189831,35.88260221171065
416,na,17.138052414860276,40.99687337613333
417,na,149.0418564363928,37.898144059232294
418,na,38.24539443822014,41.93376003194812
419,na,35.17883937998842,33.45896584881385
420,na,56.74926398100136,48.06156219314351
421,na,22.320534265342967,39.64828989282631
422,na,149.0418564363928,6.0327995697232275
423,na,64.70692217081893,37.475038454042085
424,na,91.33524325878301,33.79750615943503
425,na,51.6904984346802,44.32406291504727
426,na,149.0418564363928,21.192048822218936
427,na,69.99661567948901,121.3259739990329
428,na,21.60859362810131,43.39444270475222
429,na,83.40391629942904,22.66375603554286
430,na,45.513131226866875,121.3259739990329
431,na,75.29787635880844,41.19261960728778
432,na,93.15291602598586,30.62658010782219
433,na,26.085008538060443,121.3259739990329
434,na,62.674598231233865,19.49445807969015
435,na,149.0418564363928,121.3259739990329
436,na,149.0418564363928,121.3259739990329
437,na,32.44657787928223,24.37416274751809
438,na,149.0418564363928,121.3259739990329
439,na,47.450298468838625,121.3259739990329
440,na,149.0418564363928,121.3259739990329
441,na,149.0418564363928,121.3259739990329
442,na,37.37053448206869,37.62454631309597
443,na,77.65001685509571,121.3259739990329
444,na,7.934676172939716,9.123875055441129
445,na,149.0418564363928,121.3259739990329
446,na,149.0418564363928,44.10072761298971
447,na,149.0418564363928,121.3259739990329
448,na,50.877707915512225,48.22056888270882
449,na,51.713013948886804,121.3259739990329
450,na,149.0418564363928,121.3259739990329
451,na,35.461847952590034,15.821454974775353
452,na,28.044261107549328,121.3259739990329
453,na,23.402553334512216,23.41368291425986
454,na,149.0418564363928,121.3259739990329
455,na,34.79447169301818,33.13336831669097
456,na,42.79437944482111,121.3259739990329
457,na,26.724511464067106,5.9974049844128965
458,na,33.30404191530272,10.039985909379414
459,na,149.0418564363928,121.3259739990329
460,na,33.52019063735844,32.03906339921115
461,na,6.6851492633946945,6.210904390714772
462,na,54.061782947300316,50.962201831291594
463,na,47.42392440627274,60.346762962173266
464,na,35.81428532715823,37.725543252301826
465,na,36.653812981207345,49.18836397468222
466,na,149.0418564363928,121.3259739990329
467,na,24.724601704269897,14.678351055080032
468,na,36.01050066329754,18.288589889926815
469,na,7.61418675700243,25.194967295128816
470,na,149.0418564363928,121.3259739990329
471,na,41.080261211619465,43.00186672860185
472,na,149.0418564363928,121.3259739990329
473,na,33.69652443298204,121.3259739990329
474,na,7.582307571369876,49.71609467566976
475,na,149.0418564363928,121.3259739990329
476,na,149.0418564363928,1.7348304721699472
477,na,149.0418564363928,121.3259739990329
478,na,49.82467009354142,51.34340309279705
479,na,149.0418564363928,44.64527890591329
480,na,149.0418564363928,121.3259739990329
481,na,117.22385505081992,53.593700993547664
482,na,149.0418564363928,121.3259739990329
483,na,149.0418564363928,22.059095046442206
484,na,68.52277953769249,121.3259739990329
485,na,149.0418564363928,44.09215621602213
486,na,25.454102708802314,30.050285229675154
487,na,18.045575395667694,33.25359193366632
488,na,149.0418564363928,22.732935580240714
489,na,149.0418564363928,121.3259739990329
490,na,149.0418564363928,121.3259739990329
491,na,46.1720568693765,121.3259739990329
492,na,35.9976148092345,23.029996771616524
493,na,10.991351592251423,31.252574413724524
494,na,149.0418564363928,121.3259739990329
495,na,18.58314844466998,34.704433272653475
496,na,36.9402978384982,19.11177701545911
497,na,30.365729475321547,18.706866817389592
498,na,84.59495276211604,121.3259739990329
499,na,38.594749006690954,28.380092226024694
500,na,40.46189726330563,121.3259739990329
501,na,149.0418564363928,121.3259739990329
502,na,149.0418564363928,121.3259739990329
503,na,33.04100735582343,43.26203751011665
504,na,92.79379537694834,25.984374843720495
505,na,149.0418564363928,12.400083585980468
506,na,149.0418564363928,59.212772646730464
507,na,41.63892527873136,121.3259739990329
508,na,59.96126688655575,45.010836969514905
509,na,34.39238463763147,41.262320872282544
510,na,54.16477374769947,121.3259739990329
511,na,34.62534208976539,50.32780082886537
512,na,12.558975593767451,30.017582111348617
513,na,7.344734238616185,14.1400724111705
514,na,8.600020505537193,7.625225495077897
515,na,149.0418564363928,48.89902862502495
516,na,17.69030827509012,35.51097950879951
517,na,18.68927938218313,33.07740558163258
518,na,149.0418564363928,20.421905053739657
519,na,30.6647005998547,32.87597207526349
520,na,149.0418564363928,121.3259739990329
521,na,149.0418564363928,41.554119406263325
522,na,18.567070296869122,121.3259739990329
523,na,47.21061939972242,31.102846848487278
524,na,45.60157976303447,41.68255225107786
525,na,149.0418564363928,81.18629719494349
526,na,57.31747519277846,121.3259739990329
527,na,35.257900535209934,121.3259739990329
528,na,35.48287270931075,47.37678853376247
529,na,149.0418564363928,53.941590661166735
530,na,149.0418564363928,121.3259739990329
531,na,149.0418564363928,121.3259739990329
532,na,149.0418564363928,121.3259739990329
533,na,72.90247300409851,79.79661718311621
534,na,3.9658152495730725,4.265046943272843
535,na,30.37024717365358,26.300905751298927
536,na,149.0418564363928,53.298758669896365
537,na,56.251841320192796,121.3259739990329
538,na,149.0418564363928,121.3259739990329
539,na,149.0418564363928,42.56422907781704
540,na,19.974122177888088,121.3259739990329
541,na,58.59686559017471,121.3259739990329
542,na,149.0418564363928,15.665041824114095
543,na,51.93583101148663,121.3259739990329
544,na,48.41050981355755,45.867055033637605
545,na,3.3205682601906252,53.53800389837848
546,na,64.55515615181336,121.3259739990329
547,na,31.162023839715108,19.07790064330219
548,na,149.0418564363928,21.035508965718037
549,na,26.042337590160464,8.029193169811535
550,na,149.0418564363928,45.78056388022149
551,na,40.800343740250064,23.48541793490041
552,na,149.0418564363928,121.3259739990329
553,na,33.78073291891107,37.031604015946485
554,na,21.75484911747017,121.3259739990329
555,na,149.0418564363928,12.437582409150407
556,na,149.0418564363928,66.44669953734532
557,na,28.374968192412307,36.406282312794964
558,na,46.61698022540025,25.994842238150323
559,na,149.0418564363928,121.3259739990329
560,na,43.4984693511687,54.886155510582704
561,na,149.0418564363928,19.96317384254123
562,na,149.0418564363928,121.3259739990329
563,na,101.1766860158062,35.8110811339653
564,na,64.15060116150397,21.396871995490596
565,na,48.81000851177314,121.3259739990329
566,na,16.28919220228528,35.691659474823155
567,na,149.0418564363928,121.3259739990329
568,na,149.0418564363928,121.3259739990329
569,na,149.0418564363928,121.3259739990329
570,na,14.578158560168303,121.3259739990329
571,na,149.0418564363928,35.26915257653801
572,na,51.982430549118206,121.3259739990329
573,na,35.863583188592834,26.848156853441846
574,na,149.0418564363928,121.3259739990329
575,na,49.819300553173576,48.38847464157983
576,na,25.38731286086027,20.207669557571293
577,na,58.399341350357226,33.4521726506328
578,na,34.50264279953529,65.85962845576017
579,na,31.56014423015546,32.42348155727922
580,na,149.0418564363928,121.3259739990329
581,na,38.10942411247017,121.3259739990329
582,na,40.633660525955534,121.3259739990329
583,na,149.0418564363928,121.3259739990329
584,na,149.0418564363928,41.878265084770554
585,na,11.892202006588725,39.34316752725956
586,na,41.087916225346696,121.3259739990329
587,na,28.946308332664124,20.358268425924674
588,na,149.0418564363928,121.3259739990329
589,na,47.55374037697868,121.3259739990329
590,na,39.5321962233596,40.1643963518026
591,na,149.0418564363928,121.3259739990329
592,na,30.47077857663033,28.517030085969367
593,na,149.0418564363928,65.70952514244387
594,na,8.060740620636379,11.23066098029725
595,na,28.023169027167626,36.45451242509502
596,na,40.772526464411634,121.3259739990329
597,na,54.21318778595176,12.611770592913729
598,na,29.853843888264148,121.3259739990329
599,na,28.55095572963114,121.3259739990329
600,na,35.62437402916259,51.8598645524597
601,na,36.75165263241886,45.452069814210354
602,na,56.49107002205749,10.712241011942869
603,na,36.0136478074199,33.35854583993356
604,na,149.0418564363928,121.3259739990329
605,na,32.06316736969823,14.077046769618983
606,na,40.997371051570504,57.98136891571393
607,na,52.13941840141298,12.57282493762322
608,na,29.298625011212593,26.32007937545551
609,na,49.43433654893321,121.3259739990329
610,na,149.0418564363928,121.3259739990329
611,na,149.0418564363928,121.3259739990329
612,na,13.710574218469612,23.79971412280911
613,na,149.0418564363928,121.3259739990329
614,na,149.0418564363928,121.3259739990329
615,na,60.79547931422576,56.479072477147405
616,na,149.0418564363928,121.3259739990329
617,na,21.08714480682335,121.3259739990329
618,na,149.0418564363928,115.60452183616124
619,na,62.84750943434466,42.42158941340562
620,na,53.31557953668654,121.3259739990329
621,na,149.0418564363928,121.3259739990329
622,na,6.071771994196802,5.2606799717408395
623,na,26.825327613066314,22.799145294068126
624,na,61.67797241699488,15.143217188775829
625,na,149.0418564363928,121.3259739990329
626,na,51.51573439051465,121.3259739990329
627,na,149.0418564363928,121.3259739990329
628,na,44.53086726362261,121.3259739990329
629,na,149.0418564363928,121.3259739990329
630,na,55.79108428369114,121.3259739990329
631,na,149.0418564363928,45.509982542525755
632,na,36.27286817284486,121.3259739990329
633,na,72.64877501396181,121.3259739990329
634,na,28.373476378280436,45.46788928609235
635,na,149.0418564363928,121.3259739990329
636,na,0,0
637,na,52.40268639519075,121.3259739990329
638,na,149.0418564363928,121.3259739990329
639,na,23.280339600792328,60.23899349953509
640,na,149.0418564363928,29.023571122987843
641,na,50.53371778146776,121.3259739990329
642,na,25.57805696579979,21.89710473795128
643,na,9.164763653963789,121.3259739990329
644,na,13.338740047194163,31.256229261496834
645,na,149.0418564363928,121.3259739990329
646,na,149.0418564363928,121.3259739990329
647,na,149.0418564363928,121.3259739990329
648,na,149.0418564363928,47.867062755894004
649,na,24.187567270638237,31.287403081062102
650,na,42.811140764054635,41.3193410311621
651,na,149.0418564363928,121.3259739990329
652,na,149.0418564363928,121.3259739990329
653,na,149.0418564363928,121.3259739990329
654,na,149.0418564363928,36.7326778808168
655,na,149.0418564363928,75.84249334945953
656,na,149.0418564363928,121.3259739990329
657,na,62.00895924819411,53.831821151958785
658,na,149.0418564363928,121.3259739990329
659,na,149.0418564363928,60.00446375584007
660,na,149.0418564363928,43.99785298517811
661,na,27.617961227953604,56.39747618266311
662,na,12.81080870214536,121.3259739990329
663,na,21.932545008608532,75.71178865433794
664,na,40.696554316475584,121.3259739990329
665,na,50.509560820844214,16.429811928959673
666,na,149.0418564363928,35.90307555808371
667,na,39.371417849988134,56.812200256007415
668,na,74.21235376678074,25.71989552273915
669,na,62.84676268260804,41.37729055925138
670,na,52.926833482939244,53.02645224224254
671,na,49.271636131960555,25.589653427175666
672,na,44.39061923986492,121.3259739990329
673,na,35.86712817018761,32.8372808020436
674,na,149.0418564363928,121.3259739990329
675,na,70.41617288575728,57.47969601880668
676,na,53.040911429408915,23.889179705849312
677,na,149.0418564363928,42.57016612632
678,na,48.42881747917111,33.55955143558498
679,na,67.3226418280332,56.836263948751835
680,na,82.23936113639827,26.746838796813126
681,na,26.47155605901576,15.302694248767006
682,na,32.35713255922518,35.12572393643774
683,na,34.1395679016268,32.12475442336332
684,na,149.0418564363928,19.846955992893058
685,na,48.529745893433535,121.3259739990329
686,na,41.17422673470929,44.788790318962576
687,na,6.283720642351517,17.649294035694577
688,na,149.0418564363928,121.3259739990329
689,na,149.0418564363928,121.3259739990329
690,na,149.0418564363928,121.3259739990329
691,na,13.113903297705345,22.198105635840438
692,na,149.0418564363928,121.3259739990329
693,na,149.0418564363928,30.43380636268404
694,na,59.29148888409825,17.14470180436063
695,na,51.12158146829987,31.897760081253782
696,na,39.035092942398876,121.3259739990329
697,na,149.0418564363928,121.3259739990329
698,na,33.731994464370395,33.46827423900754
699,na,44.47121444184775,81.95240015404688
700,na,70.50811220062279,121.3259739990329
701,na,63.46701510767025,121.3259739990329
702,na,149.0418564363928,121.3259739990329
703,na,44.79716347412001,121.3259739990329
704,na,149.0418564363928,121.3259739990329
705,na,32.430140627237286,89.5478291369418
706,na,44.02007991392323,13.086758733796648
707,na,149.0418564363928,121.3259739990329
708,na,66.56670825742601,121.3259739990329
709,na,39.235950104535604,52.16471330481511
710,na,149.0418564363928,121.3259739990329
711,na,30.465558921823042,59.447345490221544
712,na,149.0418564363928,121.3259739990329
713,na,149.0418564363928,121.3259739990329
714,na,28.927929700128963,25.677355221828783
715,na,149.0418564363928,121.3259739990329
716,na,149.0418564363928,121.3259739990329
717,na,149.0418564363928,121.3259739990329
718,na,149.0418564363928,121.3259739990329
719,na,36.20737407070827,13.94694494782839
720,na,149.0418564363928,121.3259739990329
721,na,149.0418564363928,40.25685861841521
722,na,149.0418564363928,32.52614008230676
723,na,26.449574093506246,15.54451926099413
724,na,149.0418564363928,47.69726715926028
725,na,92.17546328223476,43.59417316098371
726,na,149.0418564363928,52.99290284699668
727,na,149.0418564363928,121.3259739990329
728,na,49.605956730613784,16.805222666605513
729,na,48.64568107738115,22.37821680506419
730,na,149.0418564363928,41.93741778038666
731,na,49.24909315128571,121.3259739990329
732,na,149.0418564363928,121.3259739990329
733,na,43.7547622049465,42.91013199425713
734,na,149.0418564363928,28.823573633175158
735,na,31.709282241984884,26.143129172179464
736,na,149.0418564363928,54.262596085950456
737,na,43.835439277824385,47.245691451487644
738,na,149.0418564363928,121.3259739990329
739,na,45.48711875322255,121.3259739990329
740,na,149.0418564363928,121.3259739990329
741,na,149.0418564363928,121.3259739990329
742,na,40.56820627033718,13.61320742558208
743,na,17.902447204686993,25.26777203565881
744,na,149.0418564363928,39.68375099035883
745,na,149.0418564363928,121.3259739990329
746,na,29.770199383960858,42.71896546404691
747,na,54.80613642771317,37.68593695408308
748,na,149.0418564363928,89.06626472754365
749,na,149.0418564363928,121.3259739990329
750,na,149.0418564363928,9.9389296336538
751,na,42.66891320704813,121.3259739990329
752,na,48.74719812757887,121.3259739990329
753,na,56.68686482486379,121.3259739990329
754,na,149.0418564363928,121.3259739990329
755,na,33.92959917645932,107.04967885373252
756,na,27.77102158122652,35.327480600578504
757,na,42.579349721853184,121.3259739990329
758,na,149.0418564363928,23.636741840797697
759,na,149.0418564363928,32.13841858154948
760,na,29.896743090226533,43.07632421707059
761,na,15.489611405058152,21.496182488380132
762,na,149.0418564363928,121.3259739990329
763,na,56.3548196555113,121.3259739990329
764,na,52.31175964239396,121.3259739990329
765,na,149.0418564363928,121.3259739990329
766,na,47.76312673884413,21.568651176607965
767,na,149.0418564363928,121.3259739990329
768,na,149.0418564363928,121.3259739990329
769,na,149.0418564363928,23.5428343510617
770,na,149.0418564363928,41.811095583649994
771,na,12.569729347286014,54.389125784654496
772,na,149.0418564363928,121.3259739990329
773,na,55.62506726492808,121.3259739990329
774,na,36.801813102607795,121.3259739990329
775,na,11.601033447537615,121.3259739990329
776,na,149.0418564363928,58.046323538812224
777,na,28.379332862795234,51.10677837935696
778,na,19.778623006497636,29.688393164059384
779,na,149.0418564363928,121.3259739990329
780,na,37.00374712162617,31.682203889767205
781,na,149.0418564363928,121.3259739990329
782,na,149.0418564363928,121.3259739990329
783,na,149.0418564363928,20.72822705291414
784,na,8.167971931449717,121.3259739990329
785,na,149.0418564363928,121.3259739990329
786,na,36.59919770242062,11.655382476461542
787,na,24.094574511341214,121.3259739990329
788,na,54.542414195990325,10.58394696435281
789,na,14.629246006626554,10.072066416835515
790,na,149.0418564363928,121.3259739990329
791,na,149.0418564363928,121.3259739990329
792,na,149.0418564363928,23.153850592158275
793,na,25.710180900535725,25.434546801870574
794,na,43.50079594854631,34.12231365554904
795,na,22.774022020379775,47.70695830003673
796,na,149.0418564363928,38.15208196127016
797,na,55.364900662607624,5.040442704064887
798,na,103.03774177434342,10.315051930632132
799,na,149.0418564363928,121.3259739990329
800,na,149.0418564363928,50.420143275302706
801,na,2.7555974517783017,37.839064621780366
802,na,21.9280443025869,27.67263631935247
803,na,149.0418564363928,121.3259739990329
804,na,149.0418564363928,121.3259739990329
805,na,47.90856907758218,36.04742829072315
806,na,0,0
807,na,23.992234099350142,36.5803834771993
808,na,31.386831930262947,37.2495776046203
809,na,149.0418564363928,121.3259739990329
810,na,149.0418564363928,121.3259739990329
811,na,53.225967917165114,8.873060919323734
812,na,56.21512936635161,61.98668687473844
813,na,30.76423080690785,42.87264907748657
814,na,20.34707341542638,76.89176827496131
815,na,24.5825192135511,14.443777635820139
816,na,22.654973437155352,4.064628212407724
817,na,35.36217954330727,32.168546560319506
818,na,34.3736989762284,44.60618700371124
819,na,16.234897623222064,63.83835292292155
820,na,27.999446953816403,33.12269015355803
821,na,43.11858362481273,26.623671803352348
822,na,69.79593502560017,28.41304918452628
823,na,33.80873725369326,39.82931401444687
824,na,149.0418564363928,121.3259739990329
825,na,149.0418564363928,55.49394542894109
826,na,68.46284819641204,49.861952334111855
827,na,149.0418564363928,121.3259739990329
828,na,52.38409893117244,121.3259739990329
829,na,149.0418564363928,121.3259739990329
830,na,149.0418564363928,121.3259739990329
831,na,149.0418564363928,121.3259739990329
832,na,149.0418564363928,121.3259739990329
833,na,32.90361143875446,15.499710425474634
834,na,28.067637814667634,16.615890415530142
835,na,38.00445419768021,28.704297384314778
836,na,49.72970798136051,42.46405233865424
837,na,70.8529165580243,45.56781959297441
838,na,19.56482574328322,18.491261191091738
839,na,149.0418564363928,60.2352732314506
840,na,49.05454983066419,121.3259739990329
841,na,36.913522917215325,121.3259739990329
842,na,43.90972278246925,23.970662627651066
843,na,62.957200170097636,51.136907367058335
844,na,149.0418564363928,47.411499336389134
845,na,149.0418564363928,29.167905788431877
846,na,54.41247121772892,121.3259739990329
847,na,74.22761148168492,121.3259739990329
848,na,52.168684997181025,121.3259739990329
849,na,149.0418564363928,121.3259739990329
850,na,59.269689668318776,27.449911937819156
851,na,67.9244209541243,56.25991409809165
852,na,62.01276408151371,121.3259739990329
853,na,36.89087635756708,36.91076306377339
854,na,44.87598750378805,28.694625333531842
855,na,149.0418564363928,67.56772057030285
856,na,61.38041897616777,121.3259739990329
857,na,23.61563286564527,24.74645177942064
858,na,1.6169251289489113,26.410545268712426
859,na,149.0418564363928,121.3259739990329
860,na,51.825305616906554,121.3259739990329
861,na,149.0418564363928,30.70492198716101
862,na,149.0418564363928,121.3259739990329
863,na,149.0418564363928,121.3259739990329
864,na,24.104063563225633,78.08364774793507
865,na,40.10709698084379,121.3259739990329
866,na,149.0418564363928,121.3259739990329
867,na,34.494785122646505,10.316285671326327
868,na,37.330221516544796,45.56129703634015
869,na,149.0418564363928,34.042727960709406
870,na,11.28279061625044,22.54580508836547
871,na,71.79252716881338,121.3259739990329
872,na,23.107532473765826,54.990747713471755
873,na,23.018998517192454,41.90352584919612
874,na,24.314700210445054,32.88708425800309
875,na,149.0418564363928,121.3259739990329
876,na,44.278891468038296,46.83361531746024
877,na,37.81554500267486,121.3259739990329
878,na,149.0418564363928,121.3259739990329
879,na,149.0418564363928,121.3259739990329
880,na,12.14289758335524,26.548128827272425
881,na,43.693585290065606,28.60684330029852
882,na,47.11063055880544,21.52341645449329
883,na,149.0418564363928,64.40260727745984
884,na,53.10093443480785,28.89289944109029
885,na,149.0418564363928,14.389840321906252
886,na,46.845540843146395,65.7763302798837
887,na,20.125800424169284,121.3259739990329
888,na,149.0418564363928,43.164441726139984
889,na,149.0418564363928,25.19173724566553
890,na,33.86797412916415,39.772148009160325
891,na,34.17735330329647,37.58436893774003
892,na,33.6919822013665,23.441827875594026
893,na,149.0418564363928,121.3259739990329
894,na,33.70143236936284,48.238568599316096
895,na,15.587630024783673,39.29516395198682
896,na,149.0418564363928,33.62126610349437
897,na,32.63051224578457,63.89119689442162
898,na,149.0418564363928,121.3259739990329
899,na,21.731132774571318,38.726226105682464
900,na,26.09525213402587,44.81264866442674
901,na,59.23623676741442,121.3259739990329
902,na,44.30685863850917,45.793758395591475
903,na,64.08104126008756,38.742290709255904
904,na,71.75853789899554,26.943558444125966
905,na,149.0418564363928,121.3259739990329
906,na,36.68660645409405,121.3259739990329
907,na,39.43319238943132,10.63341150511552
908,na,30.794025032943182,18.529168211005516
909,na,29.485248792138112,27.063484281091636
910,na,44.67742064475774,121.3259739990329
911,na,4.854964394759133,35.28230435637625
912,na,37.12371570513832,44.09504833568252
913,na,149.0418564363928,121.3259739990329
914,na,43.1271731675795,41.5943769204252
915,na,50.33877699282082,49.65356758184267
916,na,40.19217743852222,121.3259739990329
917,na,149.0418564363928,121.3259739990329
918,na,45.853128046571676,121.3259739990329
919,na,149.0418564363928,121.3259739990329
920,na,51.135284832997854,43.478246735637036
921,na,35.81609290800933,121.3259739990329
922,na,149.0418564363928,36.309918381867
923,na,40.15682783974951,20.062493272009867
924,na,47.2329688146047,121.3259739990329
925,na,149.0418564363928,121.3259739990329
926,na,24.430332384510344,121.3259739990329
927,na,19.272069637767473,40.62886924094988
928,na,22.97420869085379,121.3259739990329
929,na,149.0418564363928,121.3259739990329
930,na,22.314793266161736,121.3259739990329
931,na,149.0418564363928,121.3259739990329
932,na,34.11303089613978,32.104537410937944
933,na,34.194381631369666,16.914061532395277
934,na,23.869889095296116,121.3259739990329
935,na,149.0418564363928,22.440900316702592
936,na,58.53593112452562,46.08015928872017
937,na,149.0418564363928,20.53098912834226
938,na,149.0418564363928,52.967869217756586
939,na,65.22422363491813,31.44642181634023
940,na,2.317010665829471,55.64327118778877
941,na,149.0418564363928,121.3259739990329
942,na,149.0418564363928,64.62019272104332
943,na,23.079861386459843,8.755775935255427
944,na,48.15047608489178,121.3259739990329
945,na,20.902471297674843,47.34670294390628
946,na,39.52768334930434,121.3259739990329
947,na,6.242540205025273,58.39572643244384
948,na,149.0418564363928,121.3259739990329
949,na,30.342276432965193,121.3259739990329
950,na,149.0418564363928,121.3259739990329
951,na,36.93380169646593,72.23538504782464
952,na,27.971817922845894,48.04838806711184
953,na,37.464661512435974,121.3259739990329
954,na,149.0418564363928,121.3259739990329
955,na,46.445911091175354,30.606419929590466
956,na,28.9723993523978,121.3259739990329
957,na,149.0418564363928,121.3259739990329
958,na,39.54274014916983,26.084400260504854
959,na,149.0418564363928,121.3259739990329
960,na,149.0418564363928,121.3259739990329
961,na,149.0418564363928,52.6029932810986
962,na,67.20440257891987,42.75979332597806
963,na,61.77748355397925,42.04170534176502
964,na,0,0
965,na,36.31909522139677,121.3259739990329
966,na,47.85773801385665,121.3259739990329
967,na,149.0418564363928,121.3259739990329
968,na,69.59126016713911,121.3259739990329
969,na,49.69969620625679,121.3259739990329
970,na,4.574415184465278,34.97607632467852
971,na,40.47848836976002,34.2297554171242
972,na,46.65590069304878,23.539241621550193
973,na,149.0418564363928,121.3259739990329
974,na,149.0418564363928,121.3259739990329
975,na,149.0418564363928,121.3259739990329
976,na,149.0418564363928,121.3259739990329
977,na,0,0
978,na,70.96231414996596,40.10291378298084
979,na,8.733511286166614,78.00901899053662
980,na,149.0418564363928,95.98279378236192
981,na,149.0418564363928,121.3259739990329
982,na,44.51581630887672,37.03039453019054
983,na,52.510060000061834,54.578727709142306
984,na,35.72886672523241,47.34209888209738
985,na,149.0418564363928,121.3259739990329
986,na,149.0418564363928,121.3259739990329
987,na,149.0418564363928,39.31008693567692
988,na,149.0418564363928,121.3259739990329
989,na,149.0418564363928,47.69323679924267
990,na,56.446236245031244,23.29976194459813
991,na,149.0418564363928,121.3259739990329
992,na,149.0418564363928,121.3259739990329
993,na,55.592894681978855,121.3259739990329
994,na,45.14910293571714,121.3259739990329
995,na,149.0418564363928,121.3259739990329
996,na,149.0418564363928,121.3259739990329
997,na,149.0418564363928,121.3259739990329
998,na,36.0267917932649,121.3259739990329
999,na,37.95403891616783,121.3259739990329
