node, assignment, time2inf_trt, time2death_trt, time2inf_con, time2death_con
0,na,283.5771964717896,1.8784691689878237,360.29714669497764,1.1654020478850047
1,na,-1,0,-1,0
2,na,-1,0,-1,0
3,na,-1,0,-1,0
4,na,283.5771964717896,283.5771964717896,360.29714669497764,360.29714669497764
5,na,0,8.030362052850453,0,2.899648900954802
6,na,283.5771964717896,283.5771964717896,360.29714669497764,360.29714669497764
7,na,41.369723193222576,46.90538984281983,360.29714669497764,360.29714669497764
8,na,283.5771964717896,283.5771964717896,360.29714669497764,360.29714669497764
9,na,283.5771964717896,283.5771964717896,360.29714669497764,360.29714669497764
10,e,73.94093971762783,76.37059549975372,360.29714669497764,360.29714669497764
11,na,283.5771964717896,283.5771964717896,360.29714669497764,360.29714669497764
12,na,283.5771964717896,283.5771964717896,360.29714669497764,360.29714669497764
13,na,283.5771964717896,283.5771964717896,360.29714669497764,360.29714669497764
14,na,283.5771964717896,283.5771964717896,360.29714669497764,360.29714669497764
15,na,283.5771964717896,283.5771964717896,360.29714669497764,360.29714669497764
16,na,122.3215842109044,138.53950582124386,360.29714669497764,360.29714669497764
17,na,283.5771964717896,283.5771964717896,161.96614771931584,166.01030569282543
18,na,283.5771964717896,283.5771964717896,360.29714669497764,360.29714669497764
19,na,283.5771964717896,283.5771964717896,360.29714669497764,360.29714669497764
20,na,283.5771964717896,283.5771964717896,360.29714669497764,360.29714669497764
21,na,283.5771964717896,283.5771964717896,360.29714669497764,360.29714669497764
22,na,283.5771964717896,283.5771964717896,360.29714669497764,360.29714669497764
23,na,283.5771964717896,283.5771964717896,360.29714669497764,360.29714669497764
24,na,283.5771964717896,283.5771964717896,360.29714669497764,360.29714669497764
25,e,283.5771964717896,283.5771964717896,360.29714669497764,360.29714669497764
26,na,110.60241455084581,139.307133574096,360.29714669497764,360.29714669497764
27,na,283.5771964717896,283.5771964717896,360.29714669497764,360.29714669497764
28,na,283.5771964717896,283.5771964717896,360.29714669497764,360.29714669497764
29,na,283.5771964717896,283.5771964717896,360.29714669497764,360.29714669497764
30,na,283.5771964717896,283.5771964717896,360.29714669497764,360.29714669497764
31,na,283.5771964717896,283.5771964717896,360.29714669497764,360.29714669497764
32,na,283.5771964717896,283.5771964717896,360.29714669497764,360.29714669497764
33,na,283.5771964717896,283.5771964717896,360.29714669497764,360.29714669497764
34,na,283.5771964717896,283.5771964717896,360.29714669497764,360.29714669497764
35,na,283.5771964717896,283.5771964717896,360.29714669497764,360.29714669497764
36,na,14.16847409792318,17.454287881382836,8.652082391569042,21.149632828999547
37,na,283.5771964717896,283.5771964717896,360.29714669497764,360.29714669497764
38,na,283.5771964717896,283.5771964717896,360.29714669497764,360.29714669497764
39,na,-1,0,-1,0
40,na,283.5771964717896,283.5771964717896,360.29714669497764,360.29714669497764
41,na,283.5771964717896,283.5771964717896,360.29714669497764,360.29714669497764
42,na,283.5771964717896,283.5771964717896,360.29714669497764,360.29714669497764
43,na,283.5771964717896,283.5771964717896,360.29714669497764,360.29714669497764
44,na,283.5771964717896,283.5771964717896,360.29714669497764,360.29714669497764
45,na,283.5771964717896,283.5771964717896,360.29714669497764,360.29714669497764
46,na,283.5771964717896,283.5771964717896,360.29714669497764,360.29714669497764
47,na,283.5771964717896,283.5771964717896,360.29714669497764,360.29714669497764
48,na,283.5771964717896,283.5771964717896,360.29714669497764,360.29714669497764
49,na,283.5771964717896,283.5771964717896,360.29714669497764,360.29714669497764
50,na,283.5771964717896,283.5771964717896,360.29714669497764,360.29714669497764
51,na,283.5771964717896,283.5771964717896,360.29714669497764,360.29714669497764
52,na,283.5771964717896,283.5771964717896,360.29714669497764,360.29714669497764
53,na,283.5771964717896,283.5771964717896,360.29714669497764,360.29714669497764
54,na,283.5771964717896,283.5771964717896,360.29714669497764,360.29714669497764
55,na,283.5771964717896,283.5771964717896,360.29714669497764,360.29714669497764
56,na,283.5771964717896,283.5771964717896,360.29714669497764,360.29714669497764
57,na,283.5771964717896,283.5771964717896,360.29714669497764,360.29714669497764
58,na,283.5771964717896,283.5771964717896,360.29714669497764,360.29714669497764
59,na,283.5771964717896,283.5771964717896,360.29714669497764,360.29714669497764
60,na,283.5771964717896,283.5771964717896,360.29714669497764,360.29714669497764
61,na,283.5771964717896,283.5771964717896,360.29714669497764,360.29714669497764
62,na,283.5771964717896,283.5771964717896,360.29714669497764,360.29714669497764
63,na,283.5771964717896,283.5771964717896,360.29714669497764,360.29714669497764
64,na,21.369860214261013,30.083558879958417,360.29714669497764,360.29714669497764
65,na,283.5771964717896,283.5771964717896,360.29714669497764,360.29714669497764
66,na,283.5771964717896,283.5771964717896,360.29714669497764,360.29714669497764
67,na,283.5771964717896,283.5771964717896,360.29714669497764,360.29714669497764
68,e,283.5771964717896,283.5771964717896,360.29714669497764,360.29714669497764
69,na,283.5771964717896,283.5771964717896,360.29714669497764,360.29714669497764
70,na,283.5771964717896,283.5771964717896,360.29714669497764,360.29714669497764
71,na,283.5771964717896,283.5771964717896,360.29714669497764,360.29714669497764
72,na,283.5771964717896,283.5771964717896,360.29714669497764,360.29714669497764
73,na,283.5771964717896,283.5771964717896,360.29714669497764,360.29714669497764
74,na,283.5771964717896,283.5771964717896,360.29714669497764,360.29714669497764
75,na,283.5771964717896,283.5771964717896,360.29714669497764,360.29714669497764
76,na,283.5771964717896,283.5771964717896,360.29714669497764,360.29714669497764
77,na,283.5771964717896,283.5771964717896,360.29714669497764,360.29714669497764
78,e,283.5771964717896,283.5771964717896,127.83394542523583,134.58711759544286
79,e,283.5771964717896,283.5771964717896,360.29714669497764,360.29714669497764
80,na,283.5771964717896,283.5771964717896,360.29714669497764,360.29714669497764
81,na,283.5771964717896,283.5771964717896,360.29714669497764,360.29714669497764
82,na,283.5771964717896,283.5771964717896,360.29714669497764,360.29714669497764
83,na,283.5771964717896,283.5771964717896,360.29714669497764,360.29714669497764
84,na,283.5771964717896,283.5771964717896,360.29714669497764,360.29714669497764
85,na,283.5771964717896,283.5771964717896,360.29714669497764,360.29714669497764
86,na,283.5771964717896,283.5771964717896,360.29714669497764,360.29714669497764
87,na,88.74082474432639,125.46407782974616,360.29714669497764,360.29714669497764
88,na,283.5771964717896,283.5771964717896,360.29714669497764,360.29714669497764
89,na,283.5771964717896,283.5771964717896,72.9260994946453,79.14109385309504
90,na,283.5771964717896,283.5771964717896,50.95067365714108,91.95513905988412
91,na,283.5771964717896,283.5771964717896,360.29714669497764,360.29714669497764
92,na,283.5771964717896,283.5771964717896,360.29714669497764,360.29714669497764
93,na,283.5771964717896,283.5771964717896,360.29714669497764,360.29714669497764
94,na,283.5771964717896,283.5771964717896,360.29714669497764,360.29714669497764
95,e,283.5771964717896,283.5771964717896,360.29714669497764,360.29714669497764
96,na,283.5771964717896,283.5771964717896,360.29714669497764,360.29714669497764
97,na,283.5771964717896,283.5771964717896,360.29714669497764,360.29714669497764
98,na,283.5771964717896,283.5771964717896,360.29714669497764,360.29714669497764
99,na,283.5771964717896,283.5771964717896,360.29714669497764,360.29714669497764
100,na,283.5771964717896,283.5771964717896,360.29714669497764,360.29714669497764
101,na,283.5771964717896,283.5771964717896,360.29714669497764,360.29714669497764
102,na,283.5771964717896,283.5771964717896,360.29714669497764,360.29714669497764
103,na,283.5771964717896,283.5771964717896,0.796691933451841,3.9340902503115585
104,na,283.5771964717896,283.5771964717896,360.29714669497764,360.29714669497764
105,na,283.5771964717896,283.5771964717896,360.29714669497764,360.29714669497764
106,na,283.5771964717896,283.5771964717896,360.29714669497764,360.29714669497764
107,na,283.5771964717896,283.5771964717896,360.29714669497764,360.29714669497764
108,e,283.5771964717896,283.5771964717896,360.29714669497764,360.29714669497764
109,na,283.5771964717896,283.5771964717896,360.29714669497764,360.29714669497764
110,na,283.5771964717896,283.5771964717896,360.29714669497764,360.29714669497764
111,na,283.5771964717896,283.5771964717896,360.29714669497764,360.29714669497764
112,na,283.5771964717896,283.5771964717896,360.29714669497764,360.29714669497764
113,na,283.5771964717896,283.5771964717896,360.29714669497764,360.29714669497764
114,na,283.5771964717896,283.5771964717896,360.29714669497764,360.29714669497764
115,na,283.5771964717896,283.5771964717896,360.29714669497764,360.29714669497764
116,na,283.5771964717896,283.5771964717896,360.29714669497764,360.29714669497764
117,e,283.5771964717896,283.5771964717896,360.29714669497764,360.29714669497764
118,na,283.5771964717896,283.5771964717896,360.29714669497764,360.29714669497764
119,na,283.5771964717896,283.5771964717896,360.29714669497764,360.29714669497764
120,na,283.5771964717896,283.5771964717896,360.29714669497764,360.29714669497764
121,na,283.5771964717896,283.5771964717896,360.29714669497764,360.29714669497764
122,na,283.5771964717896,283.5771964717896,360.29714669497764,360.29714669497764
123,na,283.5771964717896,283.5771964717896,360.29714669497764,360.29714669497764
124,na,283.5771964717896,283.5771964717896,360.29714669497764,360.29714669497764
125,na,283.5771964717896,283.5771964717896,360.29714669497764,360.29714669497764
126,na,283.5771964717896,283.5771964717896,360.29714669497764,360.29714669497764
127,na,283.5771964717896,283.5771964717896,360.29714669497764,360.29714669497764
128,na,49.432994441982665,65.72857341261697,360.29714669497764,360.29714669497764
129,na,283.5771964717896,283.5771964717896,360.29714669497764,360.29714669497764
130,na,283.5771964717896,283.5771964717896,360.29714669497764,360.29714669497764
131,na,283.5771964717896,283.5771964717896,360.29714669497764,360.29714669497764
132,na,283.5771964717896,283.5771964717896,360.29714669497764,360.29714669497764
133,na,8.143758536725155,14.886419517920277,360.29714669497764,360.29714669497764
134,na,283.5771964717896,283.5771964717896,360.29714669497764,360.29714669497764
135,na,283.5771964717896,283.5771964717896,360.29714669497764,360.29714669497764
136,na,283.5771964717896,283.5771964717896,360.29714669497764,360.29714669497764
137,e,283.5771964717896,283.5771964717896,360.29714669497764,360.29714669497764
138,na,283.5771964717896,283.5771964717896,360.29714669497764,360.29714669497764
139,na,283.5771964717896,283.5771964717896,360.29714669497764,360.29714669497764
140,na,283.5771964717896,283.5771964717896,360.29714669497764,360.29714669497764
141,na,283.5771964717896,283.5771964717896,360.29714669497764,360.29714669497764
142,na,283.5771964717896,283.5771964717896,360.29714669497764,360.29714669497764
143,na,283.5771964717896,283.5771964717896,4.346975533285643,25.89361592780269
144,na,283.5771964717896,283.5771964717896,360.29714669497764,360.29714669497764
145,na,108.77130833519014,133.01138307335452,360.29714669497764,360.29714669497764
146,na,283.5771964717896,283.5771964717896,360.29714669497764,360.29714669497764
147,na,283.5771964717896,283.5771964717896,360.29714669497764,360.29714669497764
148,na,283.5771964717896,283.5771964717896,360.29714669497764,360.29714669497764
149,na,144.0905744433309,150.74638578063576,360.29714669497764,360.29714669497764
150,na,283.5771964717896,283.5771964717896,360.29714669497764,360.29714669497764
151,na,283.5771964717896,283.5771964717896,360.29714669497764,360.29714669497764
152,na,69.96290578652058,76.7229459451322,360.29714669497764,360.29714669497764
153,e,283.5771964717896,283.5771964717896,360.29714669497764,360.29714669497764
154,na,283.5771964717896,283.5771964717896,360.29714669497764,360.29714669497764
155,na,283.5771964717896,283.5771964717896,360.29714669497764,360.29714669497764
156,na,283.5771964717896,283.5771964717896,360.29714669497764,360.29714669497764
157,na,283.5771964717896,283.5771964717896,360.29714669497764,360.29714669497764
158,na,283.5771964717896,283.5771964717896,360.29714669497764,360.29714669497764
159,na,283.5771964717896,283.5771964717896,360.29714669497764,360.29714669497764
160,na,283.5771964717896,283.5771964717896,360.29714669497764,360.29714669497764
161,na,283.5771964717896,283.5771964717896,360.29714669497764,360.29714669497764
162,na,72.91706154275376,91.71907840928942,360.29714669497764,360.29714669497764
163,na,283.5771964717896,283.5771964717896,127.23840503018705,143.175986345838
164,na,283.5771964717896,283.5771964717896,360.29714669497764,360.29714669497764
165,na,283.5771964717896,283.5771964717896,360.29714669497764,360.29714669497764
166,na,283.5771964717896,283.5771964717896,360.29714669497764,360.29714669497764
167,na,283.5771964717896,283.5771964717896,360.29714669497764,360.29714669497764
168,na,283.5771964717896,283.5771964717896,118.57162694265517,127.16056140634299
169,na,283.5771964717896,283.5771964717896,360.29714669497764,360.29714669497764
170,na,283.5771964717896,283.5771964717896,360.29714669497764,360.29714669497764
171,na,283.5771964717896,283.5771964717896,360.29714669497764,360.29714669497764
172,na,283.5771964717896,283.5771964717896,360.29714669497764,360.29714669497764
173,na,283.5771964717896,283.5771964717896,360.29714669497764,360.29714669497764
174,na,283.5771964717896,283.5771964717896,360.29714669497764,360.29714669497764
175,na,283.5771964717896,283.5771964717896,360.29714669497764,360.29714669497764
176,na,283.5771964717896,283.5771964717896,360.29714669497764,360.29714669497764
177,na,51.85022610537976,52.63018050611265,360.29714669497764,360.29714669497764
178,na,283.5771964717896,283.5771964717896,360.29714669497764,360.29714669497764
179,na,283.5771964717896,283.5771964717896,360.29714669497764,360.29714669497764
180,na,283.5771964717896,283.5771964717896,360.29714669497764,360.29714669497764
181,na,283.5771964717896,283.5771964717896,360.29714669497764,360.29714669497764
182,na,283.5771964717896,283.5771964717896,54.42019321059129,58.75866770944595
183,na,283.5771964717896,283.5771964717896,360.29714669497764,360.29714669497764
184,na,283.5771964717896,283.5771964717896,360.29714669497764,360.29714669497764
185,na,283.5771964717896,283.5771964717896,360.29714669497764,360.29714669497764
186,na,283.5771964717896,283.5771964717896,360.29714669497764,360.29714669497764
187,na,283.5771964717896,283.5771964717896,360.29714669497764,360.29714669497764
188,e,283.5771964717896,283.5771964717896,360.29714669497764,360.29714669497764
189,na,283.5771964717896,283.5771964717896,360.29714669497764,360.29714669497764
190,na,19.593175381413662,31.31845474588843,360.29714669497764,360.29714669497764
191,na,283.5771964717896,283.5771964717896,360.29714669497764,360.29714669497764
192,na,283.5771964717896,283.5771964717896,360.29714669497764,360.29714669497764
193,na,283.5771964717896,283.5771964717896,360.29714669497764,360.29714669497764
194,na,283.5771964717896,283.5771964717896,360.29714669497764,360.29714669497764
195,na,283.5771964717896,283.5771964717896,360.29714669497764,360.29714669497764
196,na,283.5771964717896,283.5771964717896,360.29714669497764,360.29714669497764
197,na,283.5771964717896,283.5771964717896,360.29714669497764,360.29714669497764
198,na,114.66144631235727,130.58378251010015,360.29714669497764,360.29714669497764
199,na,283.5771964717896,283.5771964717896,360.29714669497764,360.29714669497764
200,na,283.5771964717896,283.5771964717896,360.29714669497764,360.29714669497764
201,na,283.5771964717896,283.5771964717896,360.29714669497764,360.29714669497764
202,na,283.5771964717896,283.5771964717896,34.47409167975404,39.469225130840975
203,na,283.5771964717896,283.5771964717896,360.29714669497764,360.29714669497764
204,na,283.5771964717896,283.5771964717896,360.29714669497764,360.29714669497764
205,na,283.5771964717896,283.5771964717896,360.29714669497764,360.29714669497764
206,na,283.5771964717896,283.5771964717896,360.29714669497764,360.29714669497764
207,e,283.5771964717896,283.5771964717896,360.29714669497764,360.29714669497764
208,na,283.5771964717896,283.5771964717896,360.29714669497764,360.29714669497764
209,na,283.5771964717896,283.5771964717896,360.29714669497764,360.29714669497764
210,na,283.5771964717896,283.5771964717896,360.29714669497764,360.29714669497764
211,na,283.5771964717896,283.5771964717896,360.29714669497764,360.29714669497764
212,na,283.5771964717896,283.5771964717896,360.29714669497764,360.29714669497764
213,na,283.5771964717896,283.5771964717896,360.29714669497764,360.29714669497764
214,na,283.5771964717896,283.5771964717896,360.29714669497764,360.29714669497764
215,na,283.5771964717896,283.5771964717896,360.29714669497764,360.29714669497764
216,na,283.5771964717896,283.5771964717896,360.29714669497764,360.29714669497764
217,e,283.5771964717896,283.5771964717896,360.29714669497764,360.29714669497764
218,na,283.5771964717896,283.5771964717896,360.29714669497764,360.29714669497764
219,e,283.5771964717896,283.5771964717896,360.29714669497764,360.29714669497764
220,na,283.5771964717896,283.5771964717896,360.29714669497764,360.29714669497764
221,na,283.5771964717896,283.5771964717896,360.29714669497764,360.29714669497764
222,na,283.5771964717896,283.5771964717896,360.29714669497764,360.29714669497764
223,na,283.5771964717896,283.5771964717896,360.29714669497764,360.29714669497764
224,na,283.5771964717896,283.5771964717896,360.29714669497764,360.29714669497764
225,na,283.5771964717896,283.5771964717896,360.29714669497764,360.29714669497764
226,na,11.811063713164646,46.01694031113986,360.29714669497764,360.29714669497764
227,na,283.5771964717896,283.5771964717896,360.29714669497764,360.29714669497764
228,e,283.5771964717896,283.5771964717896,360.29714669497764,360.29714669497764
229,e,283.5771964717896,283.5771964717896,360.29714669497764,360.29714669497764
230,na,283.5771964717896,283.5771964717896,360.29714669497764,360.29714669497764
231,na,123.80192108711472,129.61365064110487,360.29714669497764,360.29714669497764
232,na,283.5771964717896,283.5771964717896,360.29714669497764,360.29714669497764
233,na,283.5771964717896,283.5771964717896,360.29714669497764,360.29714669497764
234,na,283.5771964717896,283.5771964717896,360.29714669497764,360.29714669497764
235,na,283.5771964717896,283.5771964717896,360.29714669497764,360.29714669497764
236,na,283.5771964717896,283.5771964717896,360.29714669497764,360.29714669497764
237,na,283.5771964717896,283.5771964717896,360.29714669497764,360.29714669497764
238,na,283.5771964717896,283.5771964717896,360.29714669497764,360.29714669497764
239,na,43.70472541809737,63.057734876821726,360.29714669497764,360.29714669497764
240,na,283.5771964717896,283.5771964717896,360.29714669497764,360.29714669497764
241,na,283.5771964717896,283.5771964717896,360.29714669497764,360.29714669497764
242,na,283.5771964717896,283.5771964717896,360.29714669497764,360.29714669497764
243,na,283.5771964717896,283.5771964717896,360.29714669497764,360.29714669497764
244,na,283.5771964717896,283.5771964717896,360.29714669497764,360.29714669497764
245,na,283.5771964717896,283.5771964717896,360.29714669497764,360.29714669497764
246,na,283.5771964717896,283.5771964717896,360.29714669497764,360.29714669497764
247,na,283.5771964717896,283.5771964717896,360.29714669497764,360.29714669497764
248,na,1.9082682616390596,14.701426339233054,360.29714669497764,360.29714669497764
249,na,283.5771964717896,283.5771964717896,360.29714669497764,360.29714669497764
250,na,283.5771964717896,283.5771964717896,360.29714669497764,360.29714669497764
251,na,283.5771964717896,283.5771964717896,360.29714669497764,360.29714669497764
252,e,283.5771964717896,283.5771964717896,360.29714669497764,360.29714669497764
253,na,283.5771964717896,283.5771964717896,360.29714669497764,360.29714669497764
254,na,104.11172851755438,115.88550504924257,360.29714669497764,360.29714669497764
255,na,283.5771964717896,283.5771964717896,360.29714669497764,360.29714669497764
256,na,283.5771964717896,283.5771964717896,360.29714669497764,360.29714669497764
257,na,283.5771964717896,283.5771964717896,360.29714669497764,360.29714669497764
258,na,139.29055418075006,144.0391728028492,360.29714669497764,360.29714669497764
259,na,283.5771964717896,283.5771964717896,360.29714669497764,360.29714669497764
260,na,283.5771964717896,283.5771964717896,360.29714669497764,360.29714669497764
261,na,283.5771964717896,283.5771964717896,360.29714669497764,360.29714669497764
262,na,283.5771964717896,283.5771964717896,360.29714669497764,360.29714669497764
263,na,283.5771964717896,283.5771964717896,360.29714669497764,360.29714669497764
264,na,283.5771964717896,283.5771964717896,360.29714669497764,360.29714669497764
265,na,283.5771964717896,283.5771964717896,360.29714669497764,360.29714669497764
266,na,7.882805481291707,29.803233043149348,114.47530566335509,128.12489721894684
267,na,283.5771964717896,283.5771964717896,360.29714669497764,360.29714669497764
268,na,283.5771964717896,283.5771964717896,360.29714669497764,360.29714669497764
269,na,283.5771964717896,283.5771964717896,360.29714669497764,360.29714669497764
270,na,169.23785424720026,188.79549782830182,360.29714669497764,360.29714669497764
271,na,81.85010038334676,85.29769252700521,360.29714669497764,360.29714669497764
272,na,283.5771964717896,283.5771964717896,232.8990788733687,254.49563704382413
273,na,283.5771964717896,283.5771964717896,360.29714669497764,360.29714669497764
274,na,283.5771964717896,283.5771964717896,96.44426817806908,131.53523470251767
275,na,283.5771964717896,283.5771964717896,360.29714669497764,360.29714669497764
276,na,283.5771964717896,283.5771964717896,360.29714669497764,360.29714669497764
277,na,283.5771964717896,283.5771964717896,360.29714669497764,360.29714669497764
278,na,283.5771964717896,283.5771964717896,360.29714669497764,360.29714669497764
279,na,3.044136969164905,23.76131887222528,42.56267639992294,46.326800326220855
280,na,283.5771964717896,283.5771964717896,360.29714669497764,360.29714669497764
281,na,283.5771964717896,283.5771964717896,360.29714669497764,360.29714669497764
282,na,283.5771964717896,283.5771964717896,360.29714669497764,360.29714669497764
283,e,70.11445013654154,88.8055555999833,360.29714669497764,360.29714669497764
284,na,283.5771964717896,283.5771964717896,360.29714669497764,360.29714669497764
285,na,283.5771964717896,283.5771964717896,360.29714669497764,360.29714669497764
286,na,283.5771964717896,283.5771964717896,360.29714669497764,360.29714669497764
287,na,283.5771964717896,283.5771964717896,360.29714669497764,360.29714669497764
288,na,283.5771964717896,283.5771964717896,360.29714669497764,360.29714669497764
289,na,283.5771964717896,283.5771964717896,360.29714669497764,360.29714669497764
290,na,283.5771964717896,283.5771964717896,360.29714669497764,360.29714669497764
291,na,283.5771964717896,283.5771964717896,360.29714669497764,360.29714669497764
292,na,283.5771964717896,283.5771964717896,122.31360272708194,136.42395498935258
293,na,283.5771964717896,283.5771964717896,360.29714669497764,360.29714669497764
294,na,119.62291638283993,124.37852901986535,121.37874299747294,131.06010038482162
295,na,283.5771964717896,283.5771964717896,360.29714669497764,360.29714669497764
296,na,283.5771964717896,283.5771964717896,360.29714669497764,360.29714669497764
297,na,283.5771964717896,283.5771964717896,360.29714669497764,360.29714669497764
298,na,283.5771964717896,283.5771964717896,360.29714669497764,360.29714669497764
299,na,283.5771964717896,283.5771964717896,360.29714669497764,360.29714669497764
300,na,283.5771964717896,283.5771964717896,360.29714669497764,360.29714669497764
301,na,283.5771964717896,283.5771964717896,360.29714669497764,360.29714669497764
302,na,283.5771964717896,283.5771964717896,360.29714669497764,360.29714669497764
303,na,58.19329962472455,67.80420996797409,360.29714669497764,360.29714669497764
304,na,283.5771964717896,283.5771964717896,360.29714669497764,360.29714669497764
305,na,283.5771964717896,283.5771964717896,360.29714669497764,360.29714669497764
306,na,283.5771964717896,283.5771964717896,360.29714669497764,360.29714669497764
307,na,283.5771964717896,283.5771964717896,360.29714669497764,360.29714669497764
308,na,283.5771964717896,283.5771964717896,57.90319914592608,61.63983034216935
309,na,283.5771964717896,283.5771964717896,360.29714669497764,360.29714669497764
310,na,283.5771964717896,283.5771964717896,360.29714669497764,360.29714669497764
311,na,283.5771964717896,283.5771964717896,360.29714669497764,360.29714669497764
312,e,283.5771964717896,283.5771964717896,360.29714669497764,360.29714669497764
313,e,283.5771964717896,283.5771964717896,360.29714669497764,360.29714669497764
314,na,283.5771964717896,283.5771964717896,13.652192755619446,28.23120037363615
315,e,168.87818418662917,175.7265676677794,360.29714669497764,360.29714669497764
316,na,283.5771964717896,283.5771964717896,360.29714669497764,360.29714669497764
317,na,283.5771964717896,283.5771964717896,360.29714669497764,360.29714669497764
318,na,283.5771964717896,283.5771964717896,360.29714669497764,360.29714669497764
319,e,283.5771964717896,283.5771964717896,360.29714669497764,360.29714669497764
320,na,283.5771964717896,283.5771964717896,360.29714669497764,360.29714669497764
321,na,283.5771964717896,283.5771964717896,360.29714669497764,360.29714669497764
322,na,283.5771964717896,283.5771964717896,360.29714669497764,360.29714669497764
323,na,283.5771964717896,283.5771964717896,32.21563011617474,35.663962406082405
324,na,283.5771964717896,283.5771964717896,360.29714669497764,360.29714669497764
325,na,283.5771964717896,283.5771964717896,360.29714669497764,360.29714669497764
326,na,283.5771964717896,283.5771964717896,360.29714669497764,360.29714669497764
327,na,283.5771964717896,283.5771964717896,360.29714669497764,360.29714669497764
328,na,283.5771964717896,283.5771964717896,360.29714669497764,360.29714669497764
329,na,283.5771964717896,283.5771964717896,360.29714669497764,360.29714669497764
330,na,283.5771964717896,283.5771964717896,360.29714669497764,360.29714669497764
331,na,38.77248998095889,48.63332432233536,360.29714669497764,360.29714669497764
332,na,41.31616624815355,45.93877368474455,360.29714669497764,360.29714669497764
333,na,283.5771964717896,283.5771964717896,360.29714669497764,360.29714669497764
334,na,283.5771964717896,283.5771964717896,360.29714669497764,360.29714669497764
335,na,283.5771964717896,283.5771964717896,360.29714669497764,360.29714669497764
336,na,283.5771964717896,283.5771964717896,360.29714669497764,360.29714669497764
337,na,283.5771964717896,283.5771964717896,360.29714669497764,360.29714669497764
338,na,283.5771964717896,283.5771964717896,360.29714669497764,360.29714669497764
339,na,0,4.6630231489228064,0,0.4751267804828827
340,na,283.5771964717896,283.5771964717896,360.29714669497764,360.29714669497764
341,na,283.5771964717896,283.5771964717896,360.29714669497764,360.29714669497764
342,e,283.5771964717896,283.5771964717896,360.29714669497764,360.29714669497764
343,na,283.5771964717896,283.5771964717896,360.29714669497764,360.29714669497764
344,na,283.5771964717896,283.5771964717896,360.29714669497764,360.29714669497764
345,na,283.5771964717896,283.5771964717896,360.29714669497764,360.29714669497764
346,na,283.5771964717896,283.5771964717896,360.29714669497764,360.29714669497764
347,na,283.5771964717896,283.5771964717896,360.29714669497764,360.29714669497764
348,na,7.425110644933135,16.379290980027218,360.29714669497764,360.29714669497764
349,na,283.5771964717896,283.5771964717896,360.29714669497764,360.29714669497764
350,na,283.5771964717896,283.5771964717896,360.29714669497764,360.29714669497764
351,na,283.5771964717896,283.5771964717896,360.29714669497764,360.29714669497764
352,na,283.5771964717896,283.5771964717896,130.6477494657689,142.74796386749946
353,na,283.5771964717896,283.5771964717896,360.29714669497764,360.29714669497764
354,na,283.5771964717896,283.5771964717896,360.29714669497764,360.29714669497764
355,na,283.5771964717896,283.5771964717896,360.29714669497764,360.29714669497764
356,na,283.5771964717896,4.067851337169906,360.29714669497764,2.1821375556202924
357,na,283.5771964717896,283.5771964717896,360.29714669497764,360.29714669497764
358,na,283.5771964717896,283.5771964717896,114.34987553138774,116.50630410333625
359,na,283.5771964717896,283.5771964717896,360.29714669497764,360.29714669497764
360,na,283.5771964717896,283.5771964717896,360.29714669497764,360.29714669497764
361,na,283.5771964717896,283.5771964717896,360.29714669497764,360.29714669497764
362,na,283.5771964717896,283.5771964717896,360.29714669497764,360.29714669497764
363,na,283.5771964717896,283.5771964717896,360.29714669497764,360.29714669497764
364,e,283.5771964717896,283.5771964717896,360.29714669497764,360.29714669497764
365,e,283.5771964717896,283.5771964717896,182.41255424479098,193.10960555497192
366,na,283.5771964717896,283.5771964717896,360.29714669497764,360.29714669497764
367,na,283.5771964717896,283.5771964717896,360.29714669497764,360.29714669497764
368,na,283.5771964717896,283.5771964717896,360.29714669497764,360.29714669497764
369,na,283.5771964717896,283.5771964717896,360.29714669497764,360.29714669497764
370,na,283.5771964717896,283.5771964717896,360.29714669497764,360.29714669497764
371,na,283.5771964717896,283.5771964717896,360.29714669497764,360.29714669497764
372,na,283.5771964717896,283.5771964717896,360.29714669497764,360.29714669497764
373,na,283.5771964717896,283.5771964717896,153.05879090913191,155.47342506655252
374,na,283.5771964717896,283.5771964717896,360.29714669497764,360.29714669497764
375,na,68.7347660110525,84.18343896717164,360.29714669497764,360.29714669497764
376,na,283.5771964717896,283.5771964717896,360.29714669497764,360.29714669497764
377,na,283.5771964717896,283.5771964717896,360.29714669497764,360.29714669497764
378,na,283.5771964717896,283.5771964717896,360.29714669497764,360.29714669497764
379,na,283.5771964717896,283.5771964717896,6.43513063919006,12.5450861741757
380,na,283.5771964717896,283.5771964717896,360.29714669497764,360.29714669497764
381,na,283.5771964717896,283.5771964717896,241.06643028454633,264.74871455093876
382,na,283.5771964717896,283.5771964717896,360.29714669497764,360.29714669497764
383,na,283.5771964717896,283.5771964717896,15.717417780201629,27.461540879745737
384,na,283.5771964717896,283.5771964717896,360.29714669497764,360.29714669497764
385,na,283.5771964717896,283.5771964717896,360.29714669497764,360.29714669497764
386,na,283.5771964717896,283.5771964717896,360.29714669497764,360.29714669497764
387,e,201.53520519046918,207.40820104689988,360.29714669497764,360.29714669497764
388,na,283.5771964717896,283.5771964717896,360.29714669497764,360.29714669497764
389,na,283.5771964717896,283.5771964717896,360.29714669497764,360.29714669497764
390,na,283.5771964717896,283.5771964717896,360.29714669497764,360.29714669497764
391,na,283.5771964717896,283.5771964717896,360.29714669497764,360.29714669497764
392,na,283.5771964717896,283.5771964717896,360.29714669497764,360.29714669497764
393,na,283.5771964717896,283.5771964717896,360.29714669497764,360.29714669497764
394,e,283.5771964717896,283.5771964717896,360.29714669497764,360.29714669497764
395,na,283.5771964717896,283.5771964717896,360.29714669497764,360.29714669497764
396,na,283.5771964717896,283.5771964717896,360.29714669497764,360.29714669497764
397,na,283.5771964717896,283.5771964717896,360.29714669497764,360.29714669497764
398,na,283.5771964717896,283.5771964717896,360.29714669497764,360.29714669497764
399,na,283.5771964717896,283.5771964717896,360.29714669497764,360.29714669497764
400,na,283.5771964717896,283.5771964717896,360.29714669497764,360.29714669497764
401,na,283.5771964717896,283.5771964717896,72.80698773583228,80.03071018025192
402,e,283.5771964717896,283.5771964717896,360.29714669497764,360.29714669497764
403,na,283.5771964717896,283.5771964717896,360.29714669497764,360.29714669497764
404,na,283.5771964717896,283.5771964717896,360.29714669497764,360.29714669497764
405,na,283.5771964717896,283.5771964717896,360.29714669497764,360.29714669497764
406,na,283.5771964717896,283.5771964717896,360.29714669497764,360.29714669497764
407,na,283.5771964717896,10.874439525431093,360.29714669497764,6.29838453370844
408,na,283.5771964717896,283.5771964717896,360.29714669497764,360.29714669497764
409,na,283.5771964717896,283.5771964717896,360.29714669497764,360.29714669497764
410,na,283.5771964717896,283.5771964717896,360.29714669497764,360.29714669497764
411,na,283.5771964717896,283.5771964717896,360.29714669497764,360.29714669497764
412,na,283.5771964717896,283.5771964717896,360.29714669497764,360.29714669497764
413,na,283.5771964717896,283.5771964717896,360.29714669497764,360.29714669497764
414,na,283.5771964717896,283.5771964717896,360.29714669497764,360.29714669497764
415,na,283.5771964717896,283.5771964717896,360.29714669497764,360.29714669497764
416,na,283.5771964717896,283.5771964717896,360.29714669497764,360.29714669497764
417,na,283.5771964717896,283.5771964717896,360.29714669497764,360.29714669497764
418,na,283.5771964717896,283.5771964717896,360.29714669497764,360.29714669497764
419,na,283.5771964717896,283.5771964717896,360.29714669497764,360.29714669497764
420,na,122.11455358985948,141.0785557847273,31.155497620104516,31.76934290351956
421,na,283.5771964717896,283.5771964717896,360.29714669497764,360.29714669497764
422,e,283.5771964717896,283.5771964717896,360.29714669497764,360.29714669497764
423,na,283.5771964717896,283.5771964717896,360.29714669497764,360.29714669497764
424,na,283.5771964717896,283.5771964717896,360.29714669497764,360.29714669497764
425,e,283.5771964717896,283.5771964717896,360.29714669497764,360.29714669497764
426,na,283.5771964717896,283.5771964717896,360.29714669497764,360.29714669497764
427,na,283.5771964717896,283.5771964717896,134.93603715886462,167.54725819131934
428,na,72.80965022858005,77.07130976113942,360.29714669497764,360.29714669497764
429,na,283.5771964717896,283.5771964717896,360.29714669497764,360.29714669497764
430,na,283.5771964717896,283.5771964717896,360.29714669497764,360.29714669497764
431,na,283.5771964717896,283.5771964717896,360.29714669497764,360.29714669497764
432,na,283.5771964717896,283.5771964717896,20.688488979325015,35.31584092392202
433,na,283.5771964717896,283.5771964717896,360.29714669497764,360.29714669497764
434,na,283.5771964717896,283.5771964717896,360.29714669497764,360.29714669497764
435,na,283.5771964717896,283.5771964717896,360.29714669497764,360.29714669497764
436,na,283.5771964717896,283.5771964717896,360.29714669497764,360.29714669497764
437,e,283.5771964717896,283.5771964717896,360.29714669497764,360.29714669497764
438,na,283.5771964717896,283.5771964717896,360.29714669497764,360.29714669497764
439,na,283.5771964717896,283.5771964717896,360.29714669497764,360.29714669497764
440,na,283.5771964717896,283.5771964717896,360.29714669497764,360.29714669497764
441,e,283.5771964717896,283.5771964717896,360.29714669497764,360.29714669497764
442,na,283.5771964717896,283.5771964717896,360.29714669497764,360.29714669497764
443,na,283.5771964717896,283.5771964717896,360.29714669497764,360.29714669497764
444,na,283.5771964717896,283.5771964717896,155.34451159999927,170.8316572377201
445,na,283.5771964717896,283.5771964717896,360.29714669497764,360.29714669497764
446,na,283.5771964717896,283.5771964717896,360.29714669497764,360.29714669497764
447,na,283.5771964717896,283.5771964717896,360.29714669497764,360.29714669497764
448,na,283.5771964717896,283.5771964717896,360.29714669497764,360.29714669497764
449,na,283.5771964717896,283.5771964717896,360.29714669497764,360.29714669497764
450,na,84.04663923405587,84.60435780636874,360.29714669497764,360.29714669497764
451,na,283.5771964717896,283.5771964717896,360.29714669497764,360.29714669497764
452,na,283.5771964717896,283.5771964717896,360.29714669497764,360.29714669497764
453,na,283.5771964717896,283.5771964717896,360.29714669497764,360.29714669497764
454,na,283.5771964717896,283.5771964717896,360.29714669497764,360.29714669497764
455,e,283.5771964717896,283.5771964717896,360.29714669497764,360.29714669497764
456,na,283.5771964717896,283.5771964717896,360.29714669497764,360.29714669497764
457,na,283.5771964717896,283.5771964717896,360.29714669497764,360.29714669497764
458,e,283.5771964717896,283.5771964717896,360.29714669497764,360.29714669497764
459,na,283.5771964717896,283.5771964717896,360.29714669497764,360.29714669497764
460,na,283.5771964717896,283.5771964717896,360.29714669497764,360.29714669497764
461,na,94.35099151014307,112.65731389749982,360.29714669497764,360.29714669497764
462,na,283.5771964717896,283.5771964717896,360.29714669497764,360.29714669497764
463,na,283.5771964717896,283.5771964717896,360.29714669497764,360.29714669497764
464,na,283.5771964717896,283.5771964717896,360.29714669497764,360.29714669497764
465,na,283.5771964717896,283.5771964717896,360.29714669497764,360.29714669497764
466,na,283.5771964717896,283.5771964717896,360.29714669497764,360.29714669497764
467,na,283.5771964717896,283.5771964717896,360.29714669497764,360.29714669497764
468,na,283.5771964717896,283.5771964717896,360.29714669497764,360.29714669497764
469,na,283.5771964717896,283.5771964717896,360.29714669497764,360.29714669497764
470,na,283.5771964717896,283.5771964717896,360.29714669497764,360.29714669497764
471,na,283.5771964717896,283.5771964717896,360.29714669497764,360.29714669497764
472,na,283.5771964717896,283.5771964717896,360.29714669497764,360.29714669497764
473,na,283.5771964717896,283.5771964717896,360.29714669497764,360.29714669497764
474,na,283.5771964717896,283.5771964717896,360.29714669497764,360.29714669497764
475,na,283.5771964717896,283.5771964717896,360.29714669497764,360.29714669497764
476,na,283.5771964717896,283.5771964717896,29.059004449859476,33.733219600892554
477,na,283.5771964717896,283.5771964717896,360.29714669497764,360.29714669497764
478,na,283.5771964717896,283.5771964717896,360.29714669497764,360.29714669497764
479,na,283.5771964717896,283.5771964717896,360.29714669497764,360.29714669497764
480,na,283.5771964717896,283.5771964717896,360.29714669497764,360.29714669497764
481,na,283.5771964717896,283.5771964717896,360.29714669497764,360.29714669497764
482,na,283.5771964717896,283.5771964717896,360.29714669497764,360.29714669497764
483,na,283.5771964717896,283.5771964717896,360.29714669497764,360.29714669497764
484,na,283.5771964717896,283.5771964717896,360.29714669497764,360.29714669497764
485,na,283.5771964717896,283.5771964717896,360.29714669497764,360.29714669497764
486,na,283.5771964717896,283.5771964717896,360.29714669497764,360.29714669497764
487,na,283.5771964717896,283.5771964717896,360.29714669497764,360.29714669497764
488,na,283.5771964717896,283.5771964717896,360.29714669497764,360.29714669497764
489,na,283.5771964717896,283.5771964717896,25.57160276860239,32.03326241890119
490,na,283.5771964717896,283.5771964717896,360.29714669497764,360.29714669497764
491,na,283.5771964717896,283.5771964717896,360.29714669497764,360.29714669497764
492,na,283.5771964717896,283.5771964717896,360.29714669497764,360.29714669497764
493,na,283.5771964717896,283.5771964717896,360.29714669497764,360.29714669497764
494,na,283.5771964717896,283.5771964717896,360.29714669497764,360.29714669497764
495,e,283.5771964717896,283.5771964717896,360.29714669497764,360.29714669497764
496,na,283.5771964717896,283.5771964717896,360.29714669497764,360.29714669497764
497,na,283.5771964717896,283.5771964717896,69.19857978246456,91.36500313560794
498,na,283.5771964717896,283.5771964717896,360.29714669497764,360.29714669497764
499,na,283.5771964717896,283.5771964717896,360.29714669497764,360.29714669497764
500,na,283.5771964717896,283.5771964717896,219.51038975701832,231.97284143907694
501,na,283.5771964717896,283.5771964717896,360.29714669497764,360.29714669497764
502,na,283.5771964717896,283.5771964717896,360.29714669497764,360.29714669497764
503,na,283.5771964717896,283.5771964717896,360.29714669497764,360.29714669497764
504,na,283.5771964717896,283.5771964717896,360.29714669497764,360.29714669497764
505,na,283.5771964717896,283.5771964717896,360.29714669497764,360.29714669497764
506,na,283.5771964717896,283.5771964717896,360.29714669497764,360.29714669497764
507,na,283.5771964717896,283.5771964717896,360.29714669497764,360.29714669497764
508,na,283.5771964717896,283.5771964717896,360.29714669497764,360.29714669497764
509,na,283.5771964717896,283.5771964717896,360.29714669497764,360.29714669497764
510,na,283.5771964717896,283.5771964717896,360.29714669497764,360.29714669497764
511,na,283.5771964717896,283.5771964717896,360.29714669497764,360.29714669497764
512,na,283.5771964717896,0.9536096122460789,360.29714669497764,14.376868238632179
513,na,283.5771964717896,283.5771964717896,360.29714669497764,360.29714669497764
514,na,283.5771964717896,283.5771964717896,360.29714669497764,360.29714669497764
515,e,283.5771964717896,283.5771964717896,360.29714669497764,360.29714669497764
516,na,92.19020764832439,102.0358669641167,2.2143208404013004,21.60150173324984
517,na,283.5771964717896,283.5771964717896,360.29714669497764,360.29714669497764
518,na,283.5771964717896,283.5771964717896,62.13779645778049,88.46866060428773
519,na,283.5771964717896,283.5771964717896,360.29714669497764,360.29714669497764
520,na,283.5771964717896,283.5771964717896,360.29714669497764,360.29714669497764
521,e,283.5771964717896,283.5771964717896,360.29714669497764,360.29714669497764
522,na,283.5771964717896,283.5771964717896,360.29714669497764,360.29714669497764
523,na,283.5771964717896,283.5771964717896,360.29714669497764,360.29714669497764
524,na,283.5771964717896,283.5771964717896,35.24459273033843,47.46639291950848
525,na,283.5771964717896,283.5771964717896,360.29714669497764,360.29714669497764
526,na,283.5771964717896,283.5771964717896,360.29714669497764,360.29714669497764
527,na,283.5771964717896,283.5771964717896,360.29714669497764,360.29714669497764
528,na,283.5771964717896,283.5771964717896,360.29714669497764,360.29714669497764
529,na,283.5771964717896,283.5771964717896,360.29714669497764,360.29714669497764
530,na,283.5771964717896,283.5771964717896,360.29714669497764,360.29714669497764
531,na,283.5771964717896,283.5771964717896,360.29714669497764,360.29714669497764
532,na,283.5771964717896,283.5771964717896,360.29714669497764,360.29714669497764
533,na,283.5771964717896,283.5771964717896,360.29714669497764,360.29714669497764
534,na,140.26655463631897,156.48955798043272,360.29714669497764,360.29714669497764
535,na,283.5771964717896,283.5771964717896,360.29714669497764,360.29714669497764
536,na,283.5771964717896,283.5771964717896,360.29714669497764,360.29714669497764
537,na,283.5771964717896,283.5771964717896,360.29714669497764,360.29714669497764
538,na,283.5771964717896,283.5771964717896,360.29714669497764,360.29714669497764
539,na,283.5771964717896,283.5771964717896,113.04550283436154,121.59137622072967
540,na,283.5771964717896,283.5771964717896,360.29714669497764,360.29714669497764
541,na,283.5771964717896,283.5771964717896,360.29714669497764,360.29714669497764
542,na,97.85555201185718,103.57186452111728,360.29714669497764,360.29714669497764
543,na,283.5771964717896,283.5771964717896,360.29714669497764,360.29714669497764
544,na,33.37131150766723,36.698034292751224,360.29714669497764,360.29714669497764
545,na,283.5771964717896,283.5771964717896,360.29714669497764,360.29714669497764
546,na,283.5771964717896,283.5771964717896,360.29714669497764,360.29714669497764
547,na,283.5771964717896,283.5771964717896,360.29714669497764,360.29714669497764
548,na,283.5771964717896,283.5771964717896,360.29714669497764,360.29714669497764
549,na,283.5771964717896,283.5771964717896,360.29714669497764,360.29714669497764
550,na,283.5771964717896,283.5771964717896,360.29714669497764,360.29714669497764
551,na,283.5771964717896,283.5771964717896,360.29714669497764,360.29714669497764
552,na,283.5771964717896,283.5771964717896,360.29714669497764,360.29714669497764
553,na,283.5771964717896,283.5771964717896,360.29714669497764,360.29714669497764
554,na,283.5771964717896,283.5771964717896,360.29714669497764,360.29714669497764
555,na,283.5771964717896,283.5771964717896,360.29714669497764,360.29714669497764
556,na,283.5771964717896,283.5771964717896,360.29714669497764,360.29714669497764
557,na,283.5771964717896,283.5771964717896,360.29714669497764,360.29714669497764
558,na,283.5771964717896,283.5771964717896,360.29714669497764,360.29714669497764
559,na,283.5771964717896,283.5771964717896,23.820283612803024,29.071535679773973
560,na,117.7518020572531,125.33321715843229,360.29714669497764,360.29714669497764
561,na,283.5771964717896,283.5771964717896,360.29714669497764,360.29714669497764
562,na,283.5771964717896,283.5771964717896,360.29714669497764,360.29714669497764
563,na,283.5771964717896,283.5771964717896,360.29714669497764,360.29714669497764
564,na,283.5771964717896,283.5771964717896,360.29714669497764,360.29714669497764
565,na,283.5771964717896,283.5771964717896,360.29714669497764,360.29714669497764
566,na,283.5771964717896,283.5771964717896,360.29714669497764,360.29714669497764
567,na,283.5771964717896,283.5771964717896,360.29714669497764,360.29714669497764
568,na,283.5771964717896,283.5771964717896,360.29714669497764,360.29714669497764
569,e,283.5771964717896,283.5771964717896,360.29714669497764,360.29714669497764
570,na,283.5771964717896,283.5771964717896,360.29714669497764,360.29714669497764
571,na,283.5771964717896,283.5771964717896,360.29714669497764,360.29714669497764
572,na,283.5771964717896,283.5771964717896,360.29714669497764,360.29714669497764
573,na,283.5771964717896,283.5771964717896,360.29714669497764,360.29714669497764
574,na,283.5771964717896,283.5771964717896,360.29714669497764,360.29714669497764
575,na,283.5771964717896,283.5771964717896,360.29714669497764,360.29714669497764
576,na,283.5771964717896,283.5771964717896,360.29714669497764,360.29714669497764
577,na,283.5771964717896,283.5771964717896,360.29714669497764,360.29714669497764
578,na,283.5771964717896,283.5771964717896,360.29714669497764,360.29714669497764
579,na,283.5771964717896,283.5771964717896,360.29714669497764,360.29714669497764
580,na,283.5771964717896,283.5771964717896,360.29714669497764,360.29714669497764
581,na,283.5771964717896,283.5771964717896,360.29714669497764,360.29714669497764
582,na,283.5771964717896,283.5771964717896,86.5307372011924,100.58130413437152
583,na,283.5771964717896,283.5771964717896,360.29714669497764,360.29714669497764
584,na,283.5771964717896,283.5771964717896,360.29714669497764,360.29714669497764
585,na,283.5771964717896,283.5771964717896,360.29714669497764,360.29714669497764
586,na,283.5771964717896,283.5771964717896,360.29714669497764,360.29714669497764
587,na,63.16957279799242,65.43114074659698,154.90918084391578,168.83153298583358
588,na,283.5771964717896,283.5771964717896,360.29714669497764,360.29714669497764
589,na,86.42805021073103,91.89699688290024,5.041363937634108,17.555900985238203
590,na,283.5771964717896,283.5771964717896,360.29714669497764,360.29714669497764
591,na,283.5771964717896,283.5771964717896,360.29714669497764,360.29714669497764
592,na,283.5771964717896,283.5771964717896,1.757086204633681,13.971970458086624
593,na,283.5771964717896,283.5771964717896,360.29714669497764,360.29714669497764
594,na,283.5771964717896,283.5771964717896,360.29714669497764,360.29714669497764
595,na,283.5771964717896,283.5771964717896,360.29714669497764,360.29714669497764
596,na,283.5771964717896,283.5771964717896,360.29714669497764,360.29714669497764
597,na,283.5771964717896,283.5771964717896,360.29714669497764,360.29714669497764
598,na,283.5771964717896,283.5771964717896,360.29714669497764,360.29714669497764
599,na,283.5771964717896,283.5771964717896,360.29714669497764,360.29714669497764
600,na,283.5771964717896,283.5771964717896,360.29714669497764,360.29714669497764
601,na,283.5771964717896,283.5771964717896,360.29714669497764,360.29714669497764
602,na,283.5771964717896,283.5771964717896,360.29714669497764,360.29714669497764
603,na,101.5361885667539,123.97665244173216,360.29714669497764,360.29714669497764
604,na,283.5771964717896,283.5771964717896,360.29714669497764,360.29714669497764
605,na,283.5771964717896,283.5771964717896,360.29714669497764,360.29714669497764
606,e,283.5771964717896,283.5771964717896,360.29714669497764,360.29714669497764
607,na,283.5771964717896,283.5771964717896,360.29714669497764,360.29714669497764
608,na,283.5771964717896,283.5771964717896,360.29714669497764,360.29714669497764
609,na,32.07930909563404,48.049928285387765,360.29714669497764,360.29714669497764
610,e,283.5771964717896,283.5771964717896,360.29714669497764,360.29714669497764
611,na,283.5771964717896,283.5771964717896,360.29714669497764,360.29714669497764
612,na,283.5771964717896,283.5771964717896,360.29714669497764,360.29714669497764
613,na,283.5771964717896,283.5771964717896,360.29714669497764,360.29714669497764
614,na,283.5771964717896,283.5771964717896,360.29714669497764,360.29714669497764
615,na,283.5771964717896,283.5771964717896,360.29714669497764,360.29714669497764
616,na,283.5771964717896,283.5771964717896,360.29714669497764,360.29714669497764
617,na,283.5771964717896,283.5771964717896,360.29714669497764,360.29714669497764
618,na,283.5771964717896,283.5771964717896,360.29714669497764,360.29714669497764
619,na,283.5771964717896,283.5771964717896,360.29714669497764,360.29714669497764
620,e,283.5771964717896,283.5771964717896,360.29714669497764,360.29714669497764
621,e,283.5771964717896,283.5771964717896,360.29714669497764,360.29714669497764
622,na,283.5771964717896,283.5771964717896,360.29714669497764,360.29714669497764
623,na,283.5771964717896,283.5771964717896,360.29714669497764,360.29714669497764
624,na,283.5771964717896,283.5771964717896,360.29714669497764,360.29714669497764
625,na,283.5771964717896,283.5771964717896,360.29714669497764,360.29714669497764
626,na,283.5771964717896,283.5771964717896,360.29714669497764,360.29714669497764
627,na,283.5771964717896,283.5771964717896,360.29714669497764,360.29714669497764
628,na,120.34454854047587,132.56437922857782,360.29714669497764,360.29714669497764
629,na,283.5771964717896,283.5771964717896,360.29714669497764,360.29714669497764
630,e,70.31701484863825,71.32810018686885,360.29714669497764,360.29714669497764
631,na,283.5771964717896,283.5771964717896,360.29714669497764,360.29714669497764
632,na,283.5771964717896,283.5771964717896,360.29714669497764,360.29714669497764
633,na,283.5771964717896,283.5771964717896,360.29714669497764,360.29714669497764
634,na,283.5771964717896,283.5771964717896,360.29714669497764,360.29714669497764
635,na,283.5771964717896,283.5771964717896,360.29714669497764,360.29714669497764
636,na,283.5771964717896,283.5771964717896,360.29714669497764,360.29714669497764
637,na,283.5771964717896,283.5771964717896,27.385117144685644,31.443186921390723
638,na,283.5771964717896,283.5771964717896,360.29714669497764,360.29714669497764
639,na,283.5771964717896,283.5771964717896,360.29714669497764,360.29714669497764
640,na,283.5771964717896,283.5771964717896,360.29714669497764,360.29714669497764
641,na,283.5771964717896,283.5771964717896,360.29714669497764,360.29714669497764
642,na,283.5771964717896,283.5771964717896,360.29714669497764,360.29714669497764
643,na,283.5771964717896,283.5771964717896,360.29714669497764,360.29714669497764
644,na,283.5771964717896,283.5771964717896,360.29714669497764,360.29714669497764
645,na,283.5771964717896,283.5771964717896,360.29714669497764,360.29714669497764
646,na,134.2897036475477,160.89417128547788,360.29714669497764,360.29714669497764
647,na,283.5771964717896,283.5771964717896,360.29714669497764,360.29714669497764
648,na,283.5771964717896,283.5771964717896,360.29714669497764,360.29714669497764
649,na,283.5771964717896,283.5771964717896,360.29714669497764,360.29714669497764
650,e,283.5771964717896,283.5771964717896,360.29714669497764,360.29714669497764
651,na,0,6.198756421619508,0,5.792243684968501
652,na,133.2968553350851,141.92742973099791,186.8036943929268,193.8774200526907
653,na,283.5771964717896,283.5771964717896,360.29714669497764,360.29714669497764
654,na,66.75368281505366,76.44188242744617,360.29714669497764,360.29714669497764
655,na,283.5771964717896,283.5771964717896,360.29714669497764,360.29714669497764
656,na,283.5771964717896,283.5771964717896,360.29714669497764,360.29714669497764
657,na,283.5771964717896,283.5771964717896,360.29714669497764,360.29714669497764
658,na,12.654168367476375,28.940819835617418,360.29714669497764,360.29714669497764
659,na,283.5771964717896,283.5771964717896,360.29714669497764,360.29714669497764
660,na,283.5771964717896,283.5771964717896,360.29714669497764,360.29714669497764
661,na,283.5771964717896,283.5771964717896,360.29714669497764,360.29714669497764
662,na,283.5771964717896,283.5771964717896,360.29714669497764,360.29714669497764
663,na,283.5771964717896,283.5771964717896,360.29714669497764,360.29714669497764
664,na,283.5771964717896,283.5771964717896,360.29714669497764,360.29714669497764
665,na,283.5771964717896,283.5771964717896,360.29714669497764,360.29714669497764
666,na,283.5771964717896,283.5771964717896,360.29714669497764,360.29714669497764
667,na,283.5771964717896,283.5771964717896,360.29714669497764,360.29714669497764
668,na,283.5771964717896,283.5771964717896,360.29714669497764,360.29714669497764
669,na,283.5771964717896,283.5771964717896,60.19673466300413,72.27905763189638
670,na,283.5771964717896,283.5771964717896,360.29714669497764,360.29714669497764
671,na,283.5771964717896,283.5771964717896,360.29714669497764,360.29714669497764
672,na,283.5771964717896,283.5771964717896,360.29714669497764,360.29714669497764
673,na,283.5771964717896,283.5771964717896,360.29714669497764,360.29714669497764
674,na,0,9.610574692942322,0,8.138953688749613
675,na,283.5771964717896,283.5771964717896,360.29714669497764,360.29714669497764
676,na,283.5771964717896,283.5771964717896,360.29714669497764,360.29714669497764
677,na,283.5771964717896,283.5771964717896,360.29714669497764,360.29714669497764
678,na,283.5771964717896,283.5771964717896,360.29714669497764,360.29714669497764
679,na,283.5771964717896,283.5771964717896,360.29714669497764,360.29714669497764
680,na,283.5771964717896,283.5771964717896,360.29714669497764,360.29714669497764
681,na,283.5771964717896,283.5771964717896,206.29074735202596,210.44816248073954
682,na,283.5771964717896,283.5771964717896,360.29714669497764,360.29714669497764
683,na,283.5771964717896,283.5771964717896,360.29714669497764,360.29714669497764
684,na,283.5771964717896,283.5771964717896,259.89606688605807,273.09115565725455
685,na,283.5771964717896,283.5771964717896,360.29714669497764,360.29714669497764
686,na,283.5771964717896,283.5771964717896,360.29714669497764,360.29714669497764
687,na,283.5771964717896,283.5771964717896,360.29714669497764,360.29714669497764
688,na,138.91481749918253,157.1088307986089,360.29714669497764,360.29714669497764
689,na,283.5771964717896,283.5771964717896,360.29714669497764,360.29714669497764
690,na,283.5771964717896,283.5771964717896,360.29714669497764,360.29714669497764
691,na,283.5771964717896,283.5771964717896,360.29714669497764,360.29714669497764
692,na,283.5771964717896,283.5771964717896,360.29714669497764,360.29714669497764
693,na,283.5771964717896,283.5771964717896,360.29714669497764,360.29714669497764
694,na,283.5771964717896,283.5771964717896,360.29714669497764,360.29714669497764
695,e,283.5771964717896,283.5771964717896,360.29714669497764,360.29714669497764
696,na,42.324006228782565,47.646994710534244,360.29714669497764,360.29714669497764
697,na,283.5771964717896,283.5771964717896,360.29714669497764,360.29714669497764
698,na,283.5771964717896,283.5771964717896,360.29714669497764,360.29714669497764
699,na,283.5771964717896,283.5771964717896,360.29714669497764,360.29714669497764
700,na,48.46002164557764,52.98294455666611,360.29714669497764,360.29714669497764
701,na,283.5771964717896,283.5771964717896,360.29714669497764,360.29714669497764
702,e,283.5771964717896,283.5771964717896,32.534084348848765,43.85718538687486
703,na,283.5771964717896,283.5771964717896,134.70856397319002,137.52169268625002
704,na,283.5771964717896,283.5771964717896,360.29714669497764,360.29714669497764
705,na,283.5771964717896,283.5771964717896,360.29714669497764,360.29714669497764
706,na,283.5771964717896,283.5771964717896,360.29714669497764,360.29714669497764
707,na,283.5771964717896,283.5771964717896,360.29714669497764,360.29714669497764
708,na,283.5771964717896,283.5771964717896,360.29714669497764,360.29714669497764
709,na,283.5771964717896,283.5771964717896,360.29714669497764,360.29714669497764
710,na,283.5771964717896,283.5771964717896,360.29714669497764,360.29714669497764
711,na,283.5771964717896,283.5771964717896,360.29714669497764,360.29714669497764
712,e,283.5771964717896,283.5771964717896,360.29714669497764,360.29714669497764
713,na,107.95320186024514,114.06498705072511,360.29714669497764,360.29714669497764
714,na,283.5771964717896,283.5771964717896,360.29714669497764,360.29714669497764
715,na,283.5771964717896,283.5771964717896,360.29714669497764,360.29714669497764
716,na,283.5771964717896,283.5771964717896,360.29714669497764,360.29714669497764
717,na,283.5771964717896,283.5771964717896,360.29714669497764,360.29714669497764
718,e,283.5771964717896,283.5771964717896,360.29714669497764,360.29714669497764
719,e,283.5771964717896,283.5771964717896,360.29714669497764,360.29714669497764
720,na,283.5771964717896,283.5771964717896,360.29714669497764,360.29714669497764
721,na,283.5771964717896,283.5771964717896,117.3068471712654,120.50991229191719
722,na,283.5771964717896,283.5771964717896,360.29714669497764,360.29714669497764
723,na,283.5771964717896,283.5771964717896,360.29714669497764,360.29714669497764
724,e,283.5771964717896,283.5771964717896,360.29714669497764,360.29714669497764
725,na,283.5771964717896,283.5771964717896,360.29714669497764,360.29714669497764
726,na,283.5771964717896,283.5771964717896,360.29714669497764,360.29714669497764
727,na,283.5771964717896,283.5771964717896,360.29714669497764,360.29714669497764
728,na,154.8143091074501,162.36767815348654,360.29714669497764,360.29714669497764
729,e,283.5771964717896,283.5771964717896,360.29714669497764,360.29714669497764
730,na,98.92723117721529,116.4330643717116,360.29714669497764,360.29714669497764
731,na,149.13183763247582,171.19063233981595,360.29714669497764,360.29714669497764
732,na,283.5771964717896,283.5771964717896,360.29714669497764,360.29714669497764
733,na,283.5771964717896,283.5771964717896,360.29714669497764,360.29714669497764
734,na,283.5771964717896,283.5771964717896,360.29714669497764,360.29714669497764
735,na,283.5771964717896,283.5771964717896,360.29714669497764,360.29714669497764
736,na,283.5771964717896,283.5771964717896,360.29714669497764,360.29714669497764
737,na,283.5771964717896,283.5771964717896,360.29714669497764,360.29714669497764
738,na,283.5771964717896,283.5771964717896,360.29714669497764,360.29714669497764
739,na,283.5771964717896,283.5771964717896,360.29714669497764,360.29714669497764
740,na,283.5771964717896,283.5771964717896,360.29714669497764,360.29714669497764
741,na,283.5771964717896,283.5771964717896,360.29714669497764,360.29714669497764
742,na,283.5771964717896,283.5771964717896,360.29714669497764,360.29714669497764
743,na,283.5771964717896,283.5771964717896,360.29714669497764,360.29714669497764
744,na,283.5771964717896,283.5771964717896,360.29714669497764,360.29714669497764
745,na,283.5771964717896,283.5771964717896,360.29714669497764,360.29714669497764
746,na,283.5771964717896,283.5771964717896,360.29714669497764,360.29714669497764
747,na,283.5771964717896,283.5771964717896,360.29714669497764,360.29714669497764
748,na,283.5771964717896,283.5771964717896,360.29714669497764,360.29714669497764
749,na,283.5771964717896,283.5771964717896,360.29714669497764,360.29714669497764
750,na,283.5771964717896,283.5771964717896,360.29714669497764,360.29714669497764
751,na,283.5771964717896,283.5771964717896,360.29714669497764,360.29714669497764
752,na,283.5771964717896,283.5771964717896,360.29714669497764,360.29714669497764
753,na,283.5771964717896,283.5771964717896,360.29714669497764,360.29714669497764
754,e,283.5771964717896,283.5771964717896,360.29714669497764,360.29714669497764
755,na,283.5771964717896,283.5771964717896,360.29714669497764,360.29714669497764
756,e,283.5771964717896,283.5771964717896,360.29714669497764,360.29714669497764
757,na,283.5771964717896,283.5771964717896,360.29714669497764,360.29714669497764
758,na,56.14272786970769,78.89452998939302,360.29714669497764,360.29714669497764
759,na,283.5771964717896,283.5771964717896,360.29714669497764,360.29714669497764
760,na,283.5771964717896,283.5771964717896,360.29714669497764,360.29714669497764
761,na,283.5771964717896,283.5771964717896,360.29714669497764,360.29714669497764
762,na,283.5771964717896,283.5771964717896,360.29714669497764,360.29714669497764
763,na,283.5771964717896,283.5771964717896,360.29714669497764,360.29714669497764
764,na,148.22950064841604,170.30753715607753,360.29714669497764,360.29714669497764
765,na,0,8.529599963899706,0,6.248794009954029
766,na,283.5771964717896,283.5771964717896,119.37931037775817,140.56561884598688
767,na,113.82265877445235,127.42251445930333,360.29714669497764,360.29714669497764
768,na,283.5771964717896,283.5771964717896,360.29714669497764,360.29714669497764
769,na,283.5771964717896,283.5771964717896,360.29714669497764,360.29714669497764
770,e,283.5771964717896,283.5771964717896,360.29714669497764,360.29714669497764
771,na,283.5771964717896,283.5771964717896,360.29714669497764,360.29714669497764
772,na,283.5771964717896,283.5771964717896,360.29714669497764,360.29714669497764
773,e,283.5771964717896,283.5771964717896,360.29714669497764,360.29714669497764
774,na,283.5771964717896,283.5771964717896,360.29714669497764,360.29714669497764
775,na,134.31144000323903,147.02612322262112,360.29714669497764,360.29714669497764
776,na,283.5771964717896,283.5771964717896,360.29714669497764,360.29714669497764
777,na,283.5771964717896,283.5771964717896,360.29714669497764,360.29714669497764
778,e,283.5771964717896,283.5771964717896,360.29714669497764,360.29714669497764
779,na,283.5771964717896,283.5771964717896,360.29714669497764,360.29714669497764
780,na,283.5771964717896,283.5771964717896,360.29714669497764,360.29714669497764
781,na,283.5771964717896,283.5771964717896,360.29714669497764,360.29714669497764
782,na,283.5771964717896,283.5771964717896,360.29714669497764,360.29714669497764
783,na,283.5771964717896,283.5771964717896,360.29714669497764,360.29714669497764
784,na,283.5771964717896,283.5771964717896,360.29714669497764,360.29714669497764
785,na,283.5771964717896,283.5771964717896,360.29714669497764,360.29714669497764
786,na,283.5771964717896,283.5771964717896,360.29714669497764,360.29714669497764
787,na,283.5771964717896,283.5771964717896,14.29489844260902,23.116904656719864
788,na,283.5771964717896,283.5771964717896,360.29714669497764,360.29714669497764
789,na,283.5771964717896,283.5771964717896,360.29714669497764,360.29714669497764
790,na,283.5771964717896,283.5771964717896,360.29714669497764,360.29714669497764
791,na,283.5771964717896,283.5771964717896,360.29714669497764,360.29714669497764
792,na,283.5771964717896,283.5771964717896,360.29714669497764,360.29714669497764
793,na,283.5771964717896,283.5771964717896,216.06616948683347,220.28472382526692
794,na,283.5771964717896,283.5771964717896,84.16757707712792,94.84535142405426
795,na,283.5771964717896,283.5771964717896,360.29714669497764,360.29714669497764
796,na,283.5771964717896,283.5771964717896,360.29714669497764,360.29714669497764
797,na,283.5771964717896,283.5771964717896,42.54343730941803,72.12302137355928
798,na,283.5771964717896,283.5771964717896,360.29714669497764,360.29714669497764
799,na,283.5771964717896,283.5771964717896,360.29714669497764,360.29714669497764
800,na,283.5771964717896,283.5771964717896,360.29714669497764,360.29714669497764
801,na,283.5771964717896,283.5771964717896,360.29714669497764,360.29714669497764
802,na,283.5771964717896,283.5771964717896,360.29714669497764,360.29714669497764
803,na,148.37868867959682,150.967702558846,360.29714669497764,360.29714669497764
804,na,283.5771964717896,283.5771964717896,360.29714669497764,360.29714669497764
805,na,283.5771964717896,283.5771964717896,360.29714669497764,360.29714669497764
806,na,283.5771964717896,283.5771964717896,360.29714669497764,360.29714669497764
807,na,283.5771964717896,283.5771964717896,360.29714669497764,360.29714669497764
808,na,54.158199249668655,65.40061771209105,360.29714669497764,360.29714669497764
809,na,283.5771964717896,283.5771964717896,360.29714669497764,360.29714669497764
810,na,283.5771964717896,283.5771964717896,360.29714669497764,360.29714669497764
811,na,283.5771964717896,283.5771964717896,360.29714669497764,360.29714669497764
812,na,283.5771964717896,283.5771964717896,360.29714669497764,360.29714669497764
813,na,69.54069152757666,78.1821408642273,1.3165073581350686,16.52564761004305
814,na,283.5771964717896,283.5771964717896,360.29714669497764,360.29714669497764
815,na,283.5771964717896,283.5771964717896,360.29714669497764,360.29714669497764
816,na,283.5771964717896,283.5771964717896,360.29714669497764,360.29714669497764
817,na,283.5771964717896,283.5771964717896,360.29714669497764,360.29714669497764
818,na,283.5771964717896,283.5771964717896,360.29714669497764,360.29714669497764
819,na,283.5771964717896,283.5771964717896,360.29714669497764,360.29714669497764
820,na,283.5771964717896,283.5771964717896,360.29714669497764,360.29714669497764
821,na,283.5771964717896,283.5771964717896,360.29714669497764,360.29714669497764
822,na,283.5771964717896,283.5771964717896,360.29714669497764,360.29714669497764
823,na,283.5771964717896,283.5771964717896,360.29714669497764,360.29714669497764
824,na,283.5771964717896,283.5771964717896,360.29714669497764,360.29714669497764
825,na,283.5771964717896,283.5771964717896,360.29714669497764,360.29714669497764
826,na,283.5771964717896,283.5771964717896,360.29714669497764,360.29714669497764
827,na,283.5771964717896,283.5771964717896,360.29714669497764,360.29714669497764
828,na,283.5771964717896,283.5771964717896,360.29714669497764,360.29714669497764
829,na,283.5771964717896,283.5771964717896,360.29714669497764,360.29714669497764
830,na,283.5771964717896,283.5771964717896,360.29714669497764,360.29714669497764
831,na,283.5771964717896,283.5771964717896,21.41125727640052,27.212348598411232
832,na,283.5771964717896,283.5771964717896,360.29714669497764,360.29714669497764
833,na,283.5771964717896,283.5771964717896,360.29714669497764,360.29714669497764
834,na,283.5771964717896,283.5771964717896,360.29714669497764,360.29714669497764
835,na,283.5771964717896,283.5771964717896,360.29714669497764,360.29714669497764
836,na,283.5771964717896,283.5771964717896,32.01682487410596,57.624535038755255
837,na,283.5771964717896,283.5771964717896,360.29714669497764,360.29714669497764
838,na,283.5771964717896,283.5771964717896,11.30364439024151,28.14971047225246
839,na,283.5771964717896,283.5771964717896,360.29714669497764,360.29714669497764
840,na,82.67658530279313,92.88571104172975,360.29714669497764,360.29714669497764
841,na,283.5771964717896,283.5771964717896,360.29714669497764,360.29714669497764
842,na,283.5771964717896,283.5771964717896,360.29714669497764,360.29714669497764
843,na,283.5771964717896,283.5771964717896,360.29714669497764,360.29714669497764
844,na,283.5771964717896,283.5771964717896,360.29714669497764,360.29714669497764
845,na,29.450643891465322,34.06538278145684,360.29714669497764,360.29714669497764
846,na,283.5771964717896,283.5771964717896,360.29714669497764,360.29714669497764
847,na,283.5771964717896,283.5771964717896,192.44260138759353,207.91556994643463
848,na,283.5771964717896,283.5771964717896,360.29714669497764,360.29714669497764
849,na,283.5771964717896,283.5771964717896,360.29714669497764,360.29714669497764
850,e,283.5771964717896,283.5771964717896,360.29714669497764,360.29714669497764
851,na,283.5771964717896,283.5771964717896,30.878500110765057,35.35490426057878
852,na,283.5771964717896,283.5771964717896,360.29714669497764,360.29714669497764
853,na,283.5771964717896,283.5771964717896,52.03290291286193,61.76455379948297
854,na,283.5771964717896,283.5771964717896,360.29714669497764,360.29714669497764
855,na,283.5771964717896,283.5771964717896,360.29714669497764,360.29714669497764
856,na,283.5771964717896,283.5771964717896,360.29714669497764,360.29714669497764
857,na,283.5771964717896,283.5771964717896,71.82045352322805,83.22130998138225
858,na,283.5771964717896,283.5771964717896,360.29714669497764,360.29714669497764
859,na,283.5771964717896,283.5771964717896,360.29714669497764,360.29714669497764
860,na,283.5771964717896,283.5771964717896,360.29714669497764,360.29714669497764
861,na,283.5771964717896,283.5771964717896,360.29714669497764,360.29714669497764
862,na,283.5771964717896,283.5771964717896,360.29714669497764,360.29714669497764
863,na,283.5771964717896,283.5771964717896,360.29714669497764,360.29714669497764
864,na,283.5771964717896,283.5771964717896,360.29714669497764,360.29714669497764
865,na,47.08299321501347,73.615861132926,360.29714669497764,360.29714669497764
866,na,283.5771964717896,283.5771964717896,360.29714669497764,360.29714669497764
867,na,283.5771964717896,283.5771964717896,360.29714669497764,360.29714669497764
868,na,283.5771964717896,283.5771964717896,360.29714669497764,360.29714669497764
869,na,36.139564742583254,54.88598372225504,360.29714669497764,360.29714669497764
870,na,283.5771964717896,283.5771964717896,360.29714669497764,360.29714669497764
871,na,283.5771964717896,283.5771964717896,360.29714669497764,360.29714669497764
872,na,283.5771964717896,283.5771964717896,360.29714669497764,360.29714669497764
873,na,283.5771964717896,283.5771964717896,360.29714669497764,360.29714669497764
874,na,283.5771964717896,283.5771964717896,360.29714669497764,360.29714669497764
875,na,283.5771964717896,283.5771964717896,216.4852750035229,227.16233111347958
876,na,283.5771964717896,283.5771964717896,34.91557404489574,37.843683169890255
877,e,283.5771964717896,283.5771964717896,360.29714669497764,360.29714669497764
878,na,283.5771964717896,283.5771964717896,360.29714669497764,360.29714669497764
879,e,283.5771964717896,283.5771964717896,360.29714669497764,360.29714669497764
880,na,283.5771964717896,283.5771964717896,360.29714669497764,360.29714669497764
881,na,283.5771964717896,283.5771964717896,360.29714669497764,360.29714669497764
882,na,283.5771964717896,283.5771964717896,360.29714669497764,360.29714669497764
883,na,283.5771964717896,283.5771964717896,360.29714669497764,360.29714669497764
884,na,283.5771964717896,283.5771964717896,360.29714669497764,360.29714669497764
885,e,283.5771964717896,283.5771964717896,360.29714669497764,360.29714669497764
886,na,283.5771964717896,283.5771964717896,360.29714669497764,360.29714669497764
887,na,283.5771964717896,283.5771964717896,360.29714669497764,360.29714669497764
888,na,283.5771964717896,283.5771964717896,360.29714669497764,360.29714669497764
889,na,283.5771964717896,283.5771964717896,360.29714669497764,360.29714669497764
890,na,283.5771964717896,283.5771964717896,360.29714669497764,360.29714669497764
891,na,283.5771964717896,283.5771964717896,360.29714669497764,360.29714669497764
892,na,146.4837153805302,167.88842984975142,360.29714669497764,360.29714669497764
893,na,283.5771964717896,283.5771964717896,360.29714669497764,360.29714669497764
894,na,283.5771964717896,283.5771964717896,360.29714669497764,360.29714669497764
895,na,283.5771964717896,283.5771964717896,360.29714669497764,360.29714669497764
896,na,283.5771964717896,283.5771964717896,360.29714669497764,360.29714669497764
897,na,283.5771964717896,283.5771964717896,360.29714669497764,360.29714669497764
898,na,283.5771964717896,283.5771964717896,360.29714669497764,360.29714669497764
899,na,283.5771964717896,283.5771964717896,360.29714669497764,360.29714669497764
900,na,96.46946996136968,103.69265661886267,360.29714669497764,360.29714669497764
901,na,283.5771964717896,283.5771964717896,360.29714669497764,360.29714669497764
902,na,283.5771964717896,283.5771964717896,360.29714669497764,360.29714669497764
903,na,-1,0,-1,0
904,na,283.5771964717896,283.5771964717896,360.29714669497764,360.29714669497764
905,na,283.5771964717896,283.5771964717896,360.29714669497764,360.29714669497764
906,e,283.5771964717896,283.5771964717896,360.29714669497764,360.29714669497764
907,na,283.5771964717896,283.5771964717896,360.29714669497764,360.29714669497764
908,na,283.5771964717896,283.5771964717896,360.29714669497764,360.29714669497764
909,na,283.5771964717896,283.5771964717896,10.176938450198058,16.86482774456893
910,na,283.5771964717896,283.5771964717896,360.29714669497764,360.29714669497764
911,na,151.97433075440208,158.27483155620422,360.29714669497764,360.29714669497764
912,na,283.5771964717896,283.5771964717896,360.29714669497764,360.29714669497764
913,na,283.5771964717896,283.5771964717896,360.29714669497764,360.29714669497764
914,na,283.5771964717896,283.5771964717896,360.29714669497764,360.29714669497764
915,na,283.5771964717896,283.5771964717896,360.29714669497764,360.29714669497764
916,na,283.5771964717896,283.5771964717896,360.29714669497764,360.29714669497764
917,na,283.5771964717896,283.5771964717896,360.29714669497764,360.29714669497764
918,na,283.5771964717896,283.5771964717896,360.29714669497764,360.29714669497764
919,na,283.5771964717896,283.5771964717896,360.29714669497764,360.29714669497764
920,na,283.5771964717896,283.5771964717896,360.29714669497764,360.29714669497764
921,na,283.5771964717896,283.5771964717896,360.29714669497764,360.29714669497764
922,na,283.5771964717896,283.5771964717896,360.29714669497764,360.29714669497764
923,e,283.5771964717896,283.5771964717896,360.29714669497764,360.29714669497764
924,na,283.5771964717896,283.5771964717896,360.29714669497764,360.29714669497764
925,na,283.5771964717896,283.5771964717896,360.29714669497764,360.29714669497764
926,na,283.5771964717896,283.5771964717896,360.29714669497764,360.29714669497764
927,na,283.5771964717896,283.5771964717896,360.29714669497764,360.29714669497764
928,e,283.5771964717896,283.5771964717896,360.29714669497764,360.29714669497764
929,na,283.5771964717896,283.5771964717896,360.29714669497764,360.29714669497764
930,e,283.5771964717896,283.5771964717896,360.29714669497764,360.29714669497764
931,na,78.2742446466276,95.72540807305356,360.29714669497764,360.29714669497764
932,na,283.5771964717896,283.5771964717896,360.29714669497764,360.29714669497764
933,na,283.5771964717896,283.5771964717896,360.29714669497764,360.29714669497764
934,na,283.5771964717896,283.5771964717896,360.29714669497764,360.29714669497764
935,e,283.5771964717896,283.5771964717896,360.29714669497764,360.29714669497764
936,na,283.5771964717896,283.5771964717896,360.29714669497764,360.29714669497764
937,na,283.5771964717896,283.5771964717896,360.29714669497764,360.29714669497764
938,na,283.5771964717896,283.5771964717896,360.29714669497764,360.29714669497764
939,na,283.5771964717896,283.5771964717896,360.29714669497764,360.29714669497764
940,na,283.5771964717896,283.5771964717896,360.29714669497764,360.29714669497764
941,na,283.5771964717896,283.5771964717896,360.29714669497764,360.29714669497764
942,e,283.5771964717896,283.5771964717896,360.29714669497764,360.29714669497764
943,na,283.5771964717896,283.5771964717896,360.29714669497764,360.29714669497764
944,na,283.5771964717896,283.5771964717896,360.29714669497764,360.29714669497764
945,e,283.5771964717896,283.5771964717896,360.29714669497764,360.29714669497764
946,na,283.5771964717896,283.5771964717896,360.29714669497764,360.29714669497764
947,na,283.5771964717896,283.5771964717896,360.29714669497764,360.29714669497764
948,na,283.5771964717896,283.5771964717896,154.39070362560497,163.75573619092512
949,na,283.5771964717896,283.5771964717896,360.29714669497764,360.29714669497764
950,e,283.5771964717896,283.5771964717896,360.29714669497764,360.29714669497764
951,na,182.97296858992468,193.34662466095907,360.29714669497764,360.29714669497764
952,na,283.5771964717896,283.5771964717896,360.29714669497764,360.29714669497764
953,na,283.5771964717896,283.5771964717896,360.29714669497764,360.29714669497764
954,na,283.5771964717896,283.5771964717896,360.29714669497764,360.29714669497764
955,na,283.5771964717896,283.5771964717896,360.29714669497764,360.29714669497764
956,na,54.73177073791522,57.75135766566915,360.29714669497764,360.29714669497764
957,na,283.5771964717896,283.5771964717896,8.975955338154328,9.729810269848729
958,na,283.5771964717896,283.5771964717896,360.29714669497764,360.29714669497764
959,na,283.5771964717896,283.5771964717896,360.29714669497764,360.29714669497764
960,na,283.5771964717896,283.5771964717896,360.29714669497764,360.29714669497764
961,na,283.5771964717896,283.5771964717896,360.29714669497764,360.29714669497764
962,na,283.5771964717896,283.5771964717896,360.29714669497764,360.29714669497764
963,na,283.5771964717896,283.5771964717896,360.29714669497764,360.29714669497764
964,na,9.540417155541594,26.388086903726766,360.29714669497764,360.29714669497764
965,na,283.5771964717896,283.5771964717896,360.29714669497764,360.29714669497764
966,na,283.5771964717896,283.5771964717896,360.29714669497764,360.29714669497764
967,na,283.5771964717896,283.5771964717896,360.29714669497764,360.29714669497764
968,na,283.5771964717896,283.5771964717896,360.29714669497764,360.29714669497764
969,na,1.677863966813656,19.13982682322432,144.2326655953228,152.60362021030397
970,na,283.5771964717896,283.5771964717896,360.29714669497764,360.29714669497764
971,na,283.5771964717896,283.5771964717896,360.29714669497764,360.29714669497764
972,na,283.5771964717896,283.5771964717896,360.29714669497764,360.29714669497764
973,na,283.5771964717896,283.5771964717896,360.29714669497764,360.29714669497764
974,na,283.5771964717896,283.5771964717896,360.29714669497764,360.29714669497764
975,na,283.5771964717896,283.5771964717896,360.29714669497764,360.29714669497764
976,na,283.5771964717896,283.5771964717896,360.29714669497764,360.29714669497764
977,na,21.13120166497156,32.708834350918366,360.29714669497764,360.29714669497764
978,na,30.717483097393785,35.01875111901435,360.29714669497764,360.29714669497764
979,na,283.5771964717896,283.5771964717896,360.29714669497764,360.29714669497764
980,na,283.5771964717896,283.5771964717896,360.29714669497764,360.29714669497764
981,na,283.5771964717896,283.5771964717896,360.29714669497764,360.29714669497764
982,na,283.5771964717896,283.5771964717896,360.29714669497764,360.29714669497764
983,na,283.5771964717896,283.5771964717896,360.29714669497764,360.29714669497764
984,na,283.5771964717896,283.5771964717896,360.29714669497764,360.29714669497764
985,na,283.5771964717896,283.5771964717896,360.29714669497764,360.29714669497764
986,na,283.5771964717896,283.5771964717896,360.29714669497764,360.29714669497764
987,na,283.5771964717896,283.5771964717896,360.29714669497764,360.29714669497764
988,na,283.5771964717896,283.5771964717896,360.29714669497764,360.29714669497764
989,na,283.5771964717896,283.5771964717896,360.29714669497764,360.29714669497764
990,na,283.5771964717896,283.5771964717896,360.29714669497764,360.29714669497764
991,na,283.5771964717896,283.5771964717896,360.29714669497764,360.29714669497764
992,e,283.5771964717896,283.5771964717896,4.5893234312798965,28.46134397485641
993,na,283.5771964717896,283.5771964717896,360.29714669497764,360.29714669497764
994,e,283.5771964717896,283.5771964717896,360.29714669497764,360.29714669497764
995,na,283.5771964717896,283.5771964717896,360.29714669497764,360.29714669497764
996,na,283.5771964717896,283.5771964717896,360.29714669497764,360.29714669497764
997,na,283.5771964717896,283.5771964717896,360.29714669497764,360.29714669497764
998,na,283.5771964717896,283.5771964717896,360.29714669497764,360.29714669497764
999,na,283.5771964717896,283.5771964717896,360.29714669497764,360.29714669497764
